	Abstract— College students every day decide and plan how to 	I. INTRODUCTION 	II. COLLEGE LIFE AND LONG-TERM REWARD ESTIMATION  	III. RELATED WORK 	IV. NOTATION AND PROBLEM FORMULATION 	V. ACTIVITY RECOMMENDATION MODEL 	VI. THE STUDENTLIFE DATASET 	VII. POLICY OBTAINED 	1 Contented, slept 4.5 to 6 hours, 	2 Distressed, slept 4.5 hours or less, 	3 Excited, slept 4.5 to 6 hours, socialized 	4 Excited, slept 6 hours or more, 	5 Excited, slept 4.5 to 6 hours, socialized 	6 Distressed, slept 4.5 hours or less, 	7 Contented, slept 4.5 to 6 hours, 	8 Contented, slept 6 hours or more, 	9 Distressed, slept 6 hours or more, 	10 Contented, slept 4.5 to 6 hours, 	11 Depressed, slept 4.5 hours or less, 	12 Distressed, slept 4.5 to 6 hours, 	12 minutes 	VIII.  POLICY EVALUATION 	1 Senior (7%) at a private University. The students were from 	10 to 19 people, and exercise for 20 to 30 minutes or walk for 	IX. RESULTS 	3 Neutral, 5 Strongly Agree) the distribution is shown in Figure 	X. DISCUSSION 	REFERENCES 
09127358.pdf	1094,0	2865,0	1897,0	2002,0	7284,0	12289,0	3994,0	5565,0	193,0	206,0	193,0	192,0	199,0	209,0	193,0	195,0	209,0	193,0	210,0	39733,0	4282,0	810,0	1768,0	1142,0	594,0	1820,0	8547,0	6335,0

	Abstract—Most of the latest context-based applications capture	I. INTRODUCTION	II. RELATED WORK	III. DATA COLLECTION FRAMEWORK	IV. PILOT STUDY	2 different users (represented by two different colors) in same	V. DEVELOPMENT OF ConType	VI. PERFORMANCE EVALUATION	i. Since session length mi is obtained from the automated	VII. CONCLUSION	ACKNOWLEDGMENT	REFERENCES
09127359.pdf	1299,0	6288,0	2368,0	4447,0	2989,0	1240,0	9613,0	1559,0	7958,0	1070,0	535,0	5048,0

	I. INTRODUCTION	II. RELATED WORK	III. OVERALL GOALS AND APPROACH OF W8-SCOPE	IV. DATASET	4 sessions. In each of these session, the participant performed	V. DESIGN AND IMPLEMENTATION OF W8-SCOPE	2 sets each of 6 exercises (with	2 sets each of 5 exercises	VI. REAL-WORLD W8-SCOPE EVALUATION	4 and 1 set is under-counted by 5. W8-Scope under-counted	VII. MEDIUM TIME-SCALE ROBUSTNESS: ADAPTING	VIII. DISCUSSION	IX. CONCLUSIONS AND FUTURE WORK	ACKNOWLEDGEMENTS	REFERENCES
09127379.pdf	5505,0	4113,0	4210,0	5867,0	256,0	2910,0	89,0	11632,0	903,0	8247,0	5097,0	2288,0	1112,0	552,0	5696,0

	12 * 13 mm2 that offers an input alternative on small form-factor	I. INTRODUCTION	II. RELATED WORK	III. ONE-THUMB REACH ON TEXTUAL CONTENTS	8 male and 5 female; all right-handed), recruited on the	7 equipped with a pressure-sensitive touchscreen (4.7”). In	12 training sessions [15]). On the other hand, the participants	IV. DESIGN OF INTERACTION APPROACHES	V. USER EVALUATION AND DISCUSSION	1 paragraph; (6) 2 sentences and 2 characters; (7) 2 sentences	8 sessions. On average, over the 8 sessions, the participants	VI. CONCLUSION	ACKNOWLEDGMENT	REFERENCES
09127378.pdf	901,0	7161,0	5785,0	1202,0	243,0	11279,0	1262,0	5844,0	2168,0	850,0	10999,0	1390,0	420,0	8594,0

	I. INTRODUCTION	II. MOTIVATION	1 to achieve	III. SLEM OVERVIEW	IV. SLEM DESIGN	1 0 1 1	5 10 15 20 25	5 10 15 20	5 10 15	2 4 6 8 10 12 14	V. THEORETICAL ANALYSIS	VI. EXPERIMENTAL EVALUATION	6 7 8 9 10 11 12 13	VII. RELATED WORK	VIII. CONCLUSION AND DISCUSSION	ACKNOWLEDGMENTS	REFERENCES
09127370.pdf	6138,0	1000,0	3433,0	1271,0	5707,0	259,0	19551,0	19551,0	287,0	7399,0	6865,0	7035,0	1519,0	1911,0	965,0	701,0	3010,0

	Abstract—Participant selection is a major research challenge	I. INTRODUCTION	II. RELATED WORKS	III. RL-RECRUITER: METHOD OVERVIEW	IV. CORE COMPONENTS OF RL-RECRUITER	V. EVALUATION	10 days to be one test period and use the average performance	10 slots under the framework of reinforcement learning with	VI. DISCUSSION AND LIMITATION	VII. CONCLUSION	VIII. ACKNOWLEDGMENTS	REFERENCES
09127383.pdf	1761,0	12995,0	5255,0	3466,0	9934,0	7753,0	9576,0	343,0	2060,0	597,0	361,0	7700,0

	Abstract—The broadcast nature of wireless medium makes	I. INTRODUCTION	II. RELATED WORK	III. PA NON-LINEARITY FINGERPRINT	IV. FID FINGERPRINT EXTRACTION	9 am 12 am 3 pm 6 pm 9 pm	V. DEVICE AUTHENTICATION	VI. EVALUATION	1 client 2 clients 3 clients 4 clients 5 clients	1 client 2 clients 3 clients 4 clients 5 clients	5 clients, respectively. This is because CFOs of the authorized	VII. CONCLUSION	REFERENCES
09127375.pdf	1416,0	6075,0	3897,0	12097,0	713,0	6297,0	5458,0	6238,0	42501,0	3650,0	6480,0	1462,0	6163,0

	Abstract—The widespread creative application and smart	I. Introduction	II. Basis of HandMovement & Feasibility Study	III. Design Scope & Overview	IV. Pre-processing & Detection	V. Model Description	VI. System Evolving	VII. Evaluation	8 for increment (choose from [32,16,8,4]). To know the	4 categories by age (6:10:32:16). According to the result	VIII. RelatedWork	IX. Conclusion
09127367.pdf	1101,0	7425,0	6788,0	3336,0	4040,0	5547,0	1635,0	3926,0	8304,0	2111,0	2614,0	10692,0

	I. INTRODUCTION	II. RELATED WORK	III. PRELIMINARY	IV. SYSTEM OVERVIEW	V. PIN INPUT DETECTION	VI. USER AUTHENTICATION	VII. EVALUATION	1 2 3 4 5 6 7 8 9 10	1 2 3 4 5 6 7 8 9 10	I. Influence of sampling rate	VIII. DISCUSSION	5 12.5 25 50 100	IX. CONCLUSION	10 volunteers. Experimental results show that LightDefender	ACKNOWLEDGEMENT	REFERENCES
09127361.pdf	7491,0	2743,0	9159,0	2034,0	5579,0	8335,0	1970,0	39151,0	9726,0	931,0	1030,0	1886,0	696,0	235,0	380,0	8737,0

	Abstract—Recognition of the context of humans plays an	I. INTRODUCTION	II. RELATED WORK	III. SPATIAL FILTERING USING OFDM BEACONS	IV. CHARACTERIZATION OF SPATIAL STREAMS FROM A	1 m-1 m M	4 humans reside in spatial streams B, C, D and E and Fig. 3e	4 or 5 humans occupy the streams. However, the frequency of	V. HUMAN SUBJECT COUNTING	VI. EXTRACTION OF INDIVIDUAL ACTIVITIES	VII. IMPLEMENTATION	1 2 3 4 5 6	2 inter-element spacing was connected to the data collection	1 0 16 2 0 0 0 0 1 0 89 11 0 0 0 0	2 0 1 14 14 1 0 0 2 0 3 47 47 3 0 0	3 0 0 1 16 1 0 0 3 0 0 5.5 89 5.5 0 0	4 0 0 3 9 4 3 0 4 0 0 16 47 21 16 0	5 0 0 6 2 6 0 0 5 0 0 43 14 43 0 0	6 0 0 0 2 2 3 1 6 0 0 0 25 25 37.5 12.5	VIII. PERFORMANCE EVALUATION	4 humans, the algorithm underestimates the count within	1 − 3 humans with accuracies of 5: 43% and 6: 50% within	4 antennas	3 antennas	2 antennas	1 antenna	1 2 3 4	IX. DISCUSSION	X. CONCLUSION	ACKNOWLEDGMENT	REFERENCES
09127374.pdf	1642,0	4982,0	3277,0	3333,0	1211,0	6520,0	534,0	1612,0	7810,0	2339,0	749,0	910,0	5732,0	52,0	36,0	38,0	36,0	35,0	159,0	583,0	56,0	1285,0	11,0	11,0	11,0	43212,0	15345,0	1990,0	859,0	176,0	6126,0

	I. INTRODUCTION	II. PROPOSED METHOD	6 δs	III. RESULTS AND DISCUSSIONS	2 shows the variation of the different indices under various	1 all throughout, before the system collapses.The maximum	IV. CONCLUSION	REFERENCES
08052703.pdf	3877,0	1746,0	1344,0	584,0	2337,0	759,0	675,0	2860,0

	Abstract— The work is carried out in two ways; one is the overall 	I. INTRODUCTION  	II.  PROPOSED MODEL  	7 9h DLH h≤ ≤  	5 7h DLH h≤ ≤  	III.  THERMAL MODELING OF PROPOSED MODEL 	1  expexp	IV. OPTIMIZATION THROUGH EVOLUTIONARY ALGORITHM 	V. RESULTS AND DISCUSSION 	1 2 3 4 5 6 7 8 9 10 11 12	1 2 3 4 5 6 7 8 9 10 11 12	1 2 3 4 5 6 7 8 9 10 11 12	1 2 3 4 5 6 7 8 9 10 11 12	VI. CONCLUSION 	REFERENCES 
08052712.pdf	1329,0	5872,0	1550,0	76,0	2262,0	855,0	2396,0	1740,0	4533,0	21195,0	21195,0	21195,0	1662,0	1110,0	3301,0

	Abstract - Present Wind mills have certain limiting factors. Most 	I.  INTRODUCTION 	II. CONFIGURATION OF PROPOSED WIND TURBINE 	III. HARDWARE IMPLEMENTATION 	IV.  CONCLUSIONS 	REFERENCES 
08052714.pdf	1415,0	2681,0	3128,0	3856,0	817,0	988,0

	Abstract—Reliance to electrical energy in all sectors of life have 	I.  INTRODUCTION 	II. MICROGRID DESIGN CHALLENGES 	1 3 5 7 9 11 13 15 17 19 21 23 25	III. MICROGRID CONFIGURATIONS AND DESIGN PARAMETERS 	IV. GRAPHICAL USER INTERFACE – THE SOFTWARE 	V. RESULTS 	ACKNOWLEGEMENT 	REFERENCES 
08052717.pdf	1102,0	1095,0	2327,0	170,0	5227,0	3725,0	6263,0	172,0	1407,0

	Abstract - Thinning down the active absorber layer is the current 	I.  INTRODUCTION 	II. EXPERIMENTAL 	III. SIMULATION METHODOLOGY 	IV.   RESULTS AND DISCUSSION 	III. For the planar solar cell, the conversion efficiency 	V.   CONCLUSION 	ACKNOWLEDGMENT 	REFERENCES 
08052719.pdf	1396,0	1645,0	1564,0	4806,0	878,0	2590,0	1310,0	173,0	3065,0

	Abstract- Dark fermentative effluents were used as substrates 	I. INTRODUCTION 	II. MATERIAL AND METHODS 	III. RESULTS AND DISCUSSION 	11 days to reach stable conditions. Current increased 	ACKNOWLEDGEMENTS 	REFERENCES 
08052735.pdf	1084,0	1424,0	748,0	2069,0	2843,0	192,0	1542,0

	Abstract - Bimetallic Ni-Ag alloy nanostructures with different 	I. INTRODUCTION 	II. EXPERIMENTAL SECTION 	III. RESULTS AND DISCUSSION 	IV. CONCLUSIONS 	REFERENCES 
08052738.pdf	1045,0	3787,0	5937,0	9689,0	1103,0	6914,0

	Abstract- Now-a-days concentrated solar power plant (CSPP) is	I.   INTRODUCTION 	II. CSP TECHNOLOGIES 	III. HEAT TRANSFER FLUIDS 	IV. STATUS OF CSP TECHNOLOGIES IN INDIA 	V. DISCUSSION WITH KEY ISSUES 	i.e.; the various working fluid and status of CSP in India, there 	II. 1979 
08052711.pdf	1837,0	2425,0	2297,0	6205,0	1592,0	806,0	5832,0	781,0

	Abstract - Batteries are used as power storage device in solar 	I. INTRODUCTION	II. DESCRIPTION OF THE DEVELOPED MPPT BASED 	III.  EXPERIMENTAL RESULT	IV. CONCLUSION	ACKNOWLEDGMENT	REFERENCES
08052702.pdf	1328,0	3719,0	7296,0	1541,0	747,0	162,0	1627,0

	Abstract-Govt. of India scaled up of budget during 12th five year 	I. INTRODUCTION 	1 This work is partially supported by Indian Renewable Energy Development 	II. DEVELOPMENT OF MANUAL TRACKING SYSTEM 	III. APPLICATION OF OPTIMUM TILT BASED MANUAL TRACKING 	IV. ENABLING POLICY FRAMEWORK 	V. CONCLUSION 	ACKNOWLEDGMENTS  	REFERENCES 
08052715.pdf	1167,0	1107,0	882,0	3562,0	3902,0	754,0	925,0	196,0	2155,0

	Abstract—Precision agriculture examines crop fields, gathers	I. INTRODUCTION	12 acres per hour. Frequent mapping using UAS consumes	II. DESIGN	III. IMPLEMENTATION	i. To find the next image, we must find the next flight action	IV. EARLY RESULTS	V. DISCUSSION	VI. CONCLUSION	REFERENCES
08831204.pdf	1336,0	2298,0	3128,0	8763,0	2909,0	3360,0	4724,0	4701,0	856,0	4624,0

	Abstract—While adaptive hardware acceleration shows huge	I. INTRODUCTION	II. REQUIREMENTS	III. THE ELASTIC NODE PLATFORM	IV. USE CASE EXAMPLES	V. EVALUATION	VI. RELATED WORK	VII. CONCLUSION AND FUTURE WORK	REFERENCES
08831207.pdf	779,0	3366,0	2417,0	15456,0	9252,0	13905,0	2005,0	2789,0	5186,0

	Abstract—The growth of cloud services leads to more and	I. INTRODUCTION	II. APPROACH	III. EVALUATION	RESOURCE STALLS.SB 6.996 · 10−8	8 1.18 W 7.5 %	IV. DISCUSSION AND LIMITATIONS	V. RELATED WORK	VI. FUTURE WORK	VII. CONCLUSION	REFERENCES
08831214.pdf	1627,0	5123,0	14894,0	582,0	137,0	10118,0	3258,0	5545,0	1602,0	2365,0	8444,0

	Abstract—Autonomic IoT systems require variable behaviour	I. INTRODUCTION	II. DX-MAN MODEL	III. COMPOSITION CONNECTORS AS VARIABILITY	IV. EMERGENT BEHAVIOUR OF DX-MAN COMPOSITIONS	V. CASE STUDY: SMART HOME	1 0.00007 0.6	1 0.00012 0.3	1 1 1 1	VI. RELATED WORK	VII. CONCLUSIONS AND FUTURE WORK	REFERENCES
08831195.pdf	1085,0	2283,0	6583,0	7609,0	4630,0	5651,0	14,0	1377,0	1465,0	2649,0	1700,0	3244,0

	I. INTRODUCTION	II. CHALLENGES WITH IOT DEPLOYMENTS	III. EMU-IOT COMPONENTS AND ARCHITECTURE	IV. EXPERIMENT SETUP AND SYSTEM CONFIGURATION	2 experiment_number =""1""	3 IoTExperiment.setExperimentName	1 ’’’Generate Temp and Light Sensors’’’	2 for i in range	4 self.DeviceServiceTemperature	5 .addVirutalIoTDevice	8 ’’’Generate IoT Cameras’’’	9 for i in range	11 self.DeviceServiceCamera.addVirutalIoTDevice	4 self.setApplicationToMonitor	1 self.IoTProducerBinding.NodeDockerRemoteClient	2 .containers.run(""sensorsim:latest""	9 name=self.IoTDeviceName	V. RESULTS	VI. RELATED WORK	VII. CONCLUSION AND FUTURE WORK	REFERENCES
08831199.pdf	4658,0	9147,0	16695,0	2457,0	25,0	2387,0	40,0	67,0	32,0	176,0	29,0	64,0	537,0	1751,0	49,0	266,0	425,0	4561,0	5177,0	1269,0	3195,0

	I. INTRODUCTION	II. PROBLEM FORMULATION	III. RELATED WORK	IV. QUALITY ELASTICITY	V. COMPARISON TO BROWNOUT	VI. FUTURE WORK	VII. CONCLUSIONS	REFERENCES
08831198.pdf	3492,0	3769,0	9565,0	8246,0	21563,0	2958,0	2022,0	7167,0

	Abstract—Dynamic voltage and frequency scaling (DVFS) has	I. INTRODUCTION	II. BACKGROUND AND MOTIVATION	1 1.5 2 2.5 3	1 2 3 4 5 6	III. A GENERAL POWER CAPPING DESIGN	1 1.5 2 2.5 3	1 2 3 4 5 6	2 High performance errors	1 // initialize CoPPer	4 // application main loop	8 // end of window period	IV. EXPERIMENTAL SETUP	6 // time window = 0 keeps current time window	8 // share computed power cap evenly	9 .watts = powercap / (double) n	V. EXPERIMENTAL EVALUATION	1 1.5 2 2.5 3	1 2 3 4 5 6	VI. CONCLUSION	ACKNOWLEDGMENTS	REFERENCES
08831193.pdf	1571,0	5357,0	1330,0	79,0	4973,0	13619,0	79,0	11941,0	2843,0	98,0	119,0	383,0	1276,0	65,0	37,0	5997,0	31405,0	79,0	38929,0	1501,0	281,0	5664,0

	I. INTRODUCTION	II. SYSTEM OVERVIEW	III. VEHICLE NORMALIZATION	IV. SYMBIOSIS WITH OSRM	V. OTHER IMPLEMENTATION OPTIMIZATIONS	VI. EVALUATION	VII. LIMITATIONS	VIII. RELATED WORK	IX. CONCLUSION	ACKNOWLEDGMENTS	REFERENCES
08831213.pdf	5467,0	7552,0	13467,0	5625,0	5414,0	4464,0	1145,0	5034,0	618,0	122,0	10234,0

	Abstract—Antifragile systems enhance their capabilities and	I. INTRODUCTION	II. BACKGROUND	i.e., ensuring that knowledge does not become outdated and	III. VISION FOR SELF-IMPROVING AUTONOMIC SYSTEMS	IV. CONCLUSION	ACKNOWLEDGMENTS	REFERENCES
08831220.pdf	985,0	7355,0	6400,0	593,0	9867,0	1221,0	470,0	10741,0

	Abstract—It is challenging for key-value data stores to	I. INTRODUCTION	II. BACKGROUND AND MOTIVATION	1  10  20  30  40  50  60  70  80  90  100	III. CHISEL	IV. ANALYZER MAIN FEATURES	V. EVALUATION	i.e., 1, 5, and 10 keys, while elephant requests ask for	i.e., for every elephant request we inject on average 9	1 5 10	1 5 10 1 5 10	VI. RELATED WORK	VII. CONCLUDING REMARKS	VIII. ACKNOWLEDGEMENTS	REFERENCES
08831208.pdf	1078,0	4700,0	4399,0	5831,0	11673,0	4392,0	1828,0	166,0	7451,0	607,0	734,0	2806,0	1160,0	104,0	3719,0

	Abstract—An ID-based cryptosystem enables the user to use 	I. INTRODUCTION 	II. PRELIMINARIES 	III.  ID-BASED SIGNATURE SCHEME 	IV. PROPOSED ID-BASED SIGNATURE SCHEME 	V. ANALYSIS OF OUR PROPOSED SCHEME 	i.e. e(Pub, S1)  = e(P,(r + h)QIDP) 	i.e. e(Pub, S2) = e(P, (r + h')QIDP) 	VI.  EFFICIENCY ANALYSIS 	VII.  CONCLUSION 	REFERENCES 
05942060.pdf	696,0	2340,0	1278,0	743,0	1559,0	2061,0	242,0	1776,0	489,0	721,0	3263,0

	Abstract— Web structure mining is the process of using graph 	I. INTRODUCTION 	II. LITERATURE REVIEW 	III. DATA DESIGN 	IV. B+TREES AND CORRELATIONS	V.BOOKSHELF DATA STRUCTURE 	1      SP 80 Computer 	2 SP 50 Maths 	3 SP 80 Science 	4 MN 60 Computer 	5 BP 90 Accountancy	6 SS 80 Statistics 	7 SS 80 Physics 	8 SS 60 Biology 	9 JK 50 Chemistry  	VII.CONCLUSIONS 	REFERENCES 
05942039.pdf	2265,0	3498,0	1148,0	2972,0	4730,0	2143,0	32,0	15,0	17,0	31,0	20,0	20,0	17,0	17,0	1310,0	800,0	3033,0

	Abstract—Many of the existing reinforced concrete structures 	I. INTRODUCTION 	II. MATERIAL  INVESTIGATION 	7 %, cellulose/Lignin content of 67/12 %, and micro fibrillar 	III. FINITE ELEMENT ANALYSIS         	IV. DETAILS OF THE REINFORCED CONCRETE 	V. ANALYTICAL RESULTS 	VI. CONCLUSIONS 	REFERENCES 
05942044.pdf	2881,0	6255,0	1035,0	3495,0	3868,0	924,0	1375,0	933,0	2974,0

	Abstract— Nowadays legacy system reengineering has 	I.  INTRODUCTION  	II. RELATED WORKS 	III. MNGRISK FRAMEWORK (MANAGERIAL 	IV. CONCLUSIONS 	REFERENCES 
05942048.pdf	1168,0	3523,0	2642,0	5521,0	1703,0	2484,0

	I.Vijaya 	Abstract – An ad hoc network is a collection of wireless mobile 	I.  INTRODUCTION  	II. BACKGROUND AND PRELIMINARIES 	III. ROUTING PROTOCOLS 	IV. SIMULATION RESULTS AND OBSERVATIONS 	10 & 11 DSR shows significantly lower routing load than 	V. CONCLUSION 	VI. FUTURE SCOPE  	REFERENCES 
05942047.pdf	217,0	1450,0	3211,0	1668,0	3072,0	5833,0	952,0	953,0	1057,0	3736,0

	Abstract— Cross-language information retrieval (CLIR) is a 	I. INTRIDUCTION 	II. LITERATURE REVIEW 	III. PROPOSED APPROACH 	IV. EXPERIMENT RESULT 	4 6 http://dictionary.reference.com/bro	6 5 http://www.businessdictionary.com	7 6 http://www.tekmom.com/buzzword	8 11 http://www.openprojects.org/softw	9 7 http://www.gnu.org/philosophy/fre	8 11 http://www.openprojects.org/softw	9 7 http://www.gnu.org/philosophy/fre	4 6 http://dictionary.reference.com/bro	7 6 http://www.tekmom.com/buzzword	6 5 http://www.businessdictionary.com	1 2 3 4 5 6 7 8 9	1 2 3 4 5 6 7 8 9	V. CONCLUSION 	REFERENCE 
05942045.pdf	900,0	2138,0	1674,0	7519,0	1028,0	114,0	65,0	51,0	59,0	13872,0	59,0	13872,0	179,0	13762,0	2598,0	16295,0	677,0	531,0	2130,0

	Abstract—The advent of pervasive computing has thrown 	I.   INTRODUCTION 	II. RELATED WORK 	III.   SERVICE COMPOSITION MIDDLEWARE 	IV.   EXPERIMENTAL STUDY 	V. CONCLUSION AND FUTURE WORK 	REFERENCE 
05942043.pdf	1144,0	1793,0	5071,0	5450,0	4570,0	589,0	1596,0

	Abstract—In this paper, we introduce a single server retrial 	I.  INTRODUCTION 	II. PRACTICAL JUSTIFICATION OF OUR MODEL 	III. THE MATHEMATICAL MODEL 	IV. STEADY STATE DISTRIBUTION 	V. STOCHASTIC DECOMPOSITION 	VI. CONCLUSION 	REFERENCES 
05942041.pdf	929,0	2891,0	2214,0	1322,0	6427,0	2257,0	733,0	1660,0

	Abstract--A mobile ad hoc network MANET is an 	I. INTRODUCTION  	II. ANT COLONY BASED ROUTING 	III. ROUTING ALGORITHM BASED ON BEE 	IV. ROUTING ALGORITHM BASED ON 	V. ROUTING ALGORITHM BASED ON BIRD 	REFERENCES 
05942042.pdf	1131,0	2889,0	7577,0	12903,0	6582,0	8442,0	7370,0

	Abstract—Rough Set theory represents a promising technique 	I.  INTRODUCTION 	II. A NOTE ON ROUGH SET THEORY 	III. TOOL AND APPLICATIONS 	IV. CONCLUSION 	ACKNOWLEDGMENT 	REFERENCES 
05942046.pdf	302,0	2086,0	2893,0	1512,0	87,0	459,0	11409,0

	Abstract—Breakthroughs from the field of deep learning are	I. INTRODUCTION	II. BACKGROUND	III. DEEPX DESIGN	IV. RUNTIME LAYER COMPRESSION	1 The training of deep architectures is orders of magnitude more resource	V. DEEP ARCHITECTURE DECOMPOSITION	VI. IMPLEMENTATION	3 programmable processors: a Krait 4-core 2.3 GHz CPU, an	2 for the Qualcomm (viz. CPU, DSP) and 3 for the Nvida	VII. EVALUATION	VIII. LIMITATIONS	IX. RELATED WORK	X. CONCLUSION	REFERENCES
07460664.pdf	1253,0	5267,0	6204,0	11094,0	1876,0	4982,0	8016,0	673,0	3763,0	385,0	15480,0	2492,0	2051,0	693,0	5761,0

	I. Introduction	II. RelatedWork	III. System Overview	IV. Demo
07460665.pdf	2833,0	1821,0	1127,0	2196,0

	Abstract—It is widely known that cross-technology interference	I. INTRODUCTION	12 13 14 15 16 17 18 19 20 21 22 23 24 25 26	1 6 112 1412 133 4 5 7 8 9 10	1 2 3 4 5 6 7 8 9 10 11 12 13	1 2 3 4 5 6 7 8 9 10 11 12 13	1 2 3 4 5 6 7 8 9 10 11 12 13	II. DEMONSTRATION	III. CONCLUSION	IV. ACKNOWLEDGEMENT	REFERENCES
07460668.pdf	865,0	1363,0	45,0	1500,0	4170,0	4170,0	1745,0	809,0	604,0	153,0	1205,0

	I. INTRODUCTION	II. SYSTEM OVERVIEW	III. SYSTEM DESIGN	10 seconds, for the isotonic leg extension (top) and isometric leg extension	2 seconds. We find that at our sampling rate of 500Hz, using	i.e., the gradient of the relative change in the corresponding	IV. EXPERIMENTAL DESIGN	V. EVALUATION	VI. DISCUSSION	VII. RELATED WORK	VIII. CONCLUSION	IX. ACKNOWLEDGMENTS	REFERENCES
07460661.pdf	6325,0	4612,0	4799,0	5044,0	11870,0	1005,0	12281,0	9426,0	2225,0	3529,0	935,0	769,0	8313,0

	Abstract—Low-power wireless devices suffer notoriously from	I. INTRODUCTION	II. BACKGROUND	III. ARCHITECTURE AND DESIGN	IV. IMPLEMENTATION	V. EVALUATION	10 20 30 40 50 60	3 dB, the interference signal is very weak and, hence, the	1 Corrupted Packet	VI. RELATED WORK	VII. CONCLUSION	REFERENCES
07460663.pdf	1422,0	5675,0	5570,0	26761,0	3745,0	1923,0	8328,0	3359,0	532,0	6176,0	1188,0	6280,0

	Abstract— Traditional power grid is not resistant to severe	I. INTRODUCTION	II. BACKGROUND AND MOTIVATION	III. SENSING HARDWARE	10 2 3 4 65 7	1 subframe	1 slot	1 MHz). Since our purpose of PSS detection is not to decode	IV. DATA MANAGEMENT	V. EVALUATIONS	VI. RELATED WORK	VII. CONCLUSION AND ACKNOWLEDGEMENT	REFERENCES
07460660.pdf	1427,0	3914,0	4161,0	4814,0	14,0	43,0	1835,0	655,0	3798,0	6031,0	1309,0	942,0	2380,0

	Abstract—Deep learning has revolutionized the way sensor	I. INTRODUCTION	II. DESIGN AND OPERATION	III. PROTOTYPE PERFORMANCE	IV. DEMO: USER EXPERIENCE	REFERENCES
07460666.pdf	631,0	1351,0	1573,0	1613,0	1214,0	1723,0

	Abstract—Internet of Things (IoT) application development is	I. MOTIVATION AND AIM	II. APPLICATION DEVELOPMENT USING IOTSUITE	2 in Figure 2). It contains abstract classes, corresponding to	III. DEMONSTRATION	REFERENCES
07460669.pdf	1269,0	2802,0	1419,0	1727,0	1487,0	519,0

	Abstract—ZigBee shares the 2.4 GHz ISM band with a number	I. INTRODUCTION	II. RELATED WORK	11 12 13 14 15 16 17 18 19 20 21 22 23 24 25 26	1 6 112 1412 133 4 5 7 8 9 10	1 6 11	2 7 12	3 8 13	4 9 14	5 10	III. MOTIVATION	2 (middle). Meanwhile, Location 3 (bottom) being few hops	IV. DESIGN	V. EVALUATION	4 non-orthogonal ZigBee channels) and compared against	I. Resilience to CTI	1 9 Hours 99.21	3 24 Hours 99.79 4.23 4.23	1 9 Hours 98.4	3 24 Hours 99.62 2.3 2.91	3 hops. Due to memory constraints on the TelosB devices, we	VI. DISCUSSION	VII. CONCLUSION	VIII. ACKNOWLEDGEMENT	REFERENCES
07460681.pdf	1392,0	4457,0	1838,0	48,0	8110,0	144,0	7,0	7,0	7,0	4856,0	5725,0	3906,0	12045,0	7860,0	3989,0	2657,0	70,0	42,0	81,0	432,0	1434,0	2417,0	806,0	282,0	6359,0

	I. INTRODUCTION	II. MT-RES	III. DEMO SETUP	IV. CONCLUSION	ACKNOWLEDGMENTS	REFERENCES
07460667.pdf	1288,0	3748,0	2333,0	304,0	520,0	659,0

	Abstract - Present Wind mills have certain limiting factors. Most 	I.  INTRODUCTION 	II. CONFIGURATION OF PROPOSED WIND TURBINE 	III. HARDWARE IMPLEMENTATION 	IV.  CONCLUSIONS 	REFERENCES 
08052714.pdf	1415,0	2681,0	3128,0	3856,0	817,0	988,0

	ABSTRACT	1 INTRODUCTION	2 FYR’S HEAP MEMORY MODEL	1 / / S i z e o b j e c t on t h e heap , p o i n t e r t o S i z e on t h e s t a c k	3 / / S t a ck −on l y a l l o c a t i o n	2 pa r en t ~Node / / P a r e n t i s r e f e r e n c e d	3 c h i l d r e n [ ] ∗ Node / / C h i l d r e n a r e owned	2 nex t ∗ L i s t	3 ∗ p t r = 42	3 FYR’S STACK MEMORY MODEL	4 pos Po in t	5 s i z e S i z e	4 THREAD-SAFE MEMORY MODEL	3 l e t r ~ Sn i ppe t = s	3 b . c o l o r = red	2 b . c o l o r = c o l o r	2 nex t ∗ L i s t	5 l e t p2 ~ L i s t = p1 . nex t	6 l e t u ^ L i s t = p1	5 CONCLUSIONS	REFERENCES	3 (Oct. 2014), 103–104. https://doi.org/10.1145/2692956.2663188
Fyr.pdf	1203,0	3147,0	157,0	129,0	361,0	58,0	2102,0	1756,0	2171,0	1072,0	14,0	2249,0	1908,0	1132,0	649,0	18386,0	12678,0	34,0	1154,0	1032,0	1344,0	544,0

	ABSTRACT	1 INTRODUCTION	2 APPROACH	3 EVALUATION	4 RELATEDWORK	5 CONCLUSION	REFERENCES
3341162.3343763.pdf	1989,0	2406,0	3290,0	2430,0	1302,0	722,0	1494,0

	Abstract—Subharmonic residual in LO can degrade the	I. INTRODUCTION	II. DISTORTIONS AT 60 GHZ	III. OUT-OF-BAND EMISSIONS	IV. BLOCKER TOLERANCE IN RECEIVERS	V. CONCLUSION	REFERENCES
08484718.pdf	895,0	2465,0	5138,0	1119,0	1764,0	562,0	1302,0

	Abstract— The next generation of mobile networks aim to 	I. INTRODUCTION	II. ANTENNA STRUCTURE AND DESIGN 	III. RESULTS 	IV. CONCLUSIONS 	ACKNOWLEDGMENT  	REFERENCES 
08484697.pdf	807,0	3599,0	3865,0	2244,0	396,0	263,0	936,0

	Abstract—This paper discusses envelope-tracking solutions 	I. INTRODUCTION	II. BROADBAND ENVELOPE TRACKING AT 2 GHZ	III. EXTRAPOLATION TO THE 5G CASE AT 20…30 GHZ 	2 GHz, an increase from 32% to 55% is expected. Since the 	2 GHz instead are expected to arise from the gate driver in the 	1 GHz, which requires principally different pulse code 	IV. CONCLUSIONS 	REFERENCES 
08484690.pdf	532,0	2519,0	4197,0	1843,0	913,0	1974,0	288,0	998,0	2142,0

	Abstract—This paper presents a scalable 28 GHz beamforming 	I. INTRODUCTION	4 antennas in Nx(2x2) arrays [4, 5]. 	II. SYSTEM ARCHITECTURE	III. PATCH ANTENNA DESIGN AND SIMULATION RESULTS 	IV. POWER AMPLIFIER DESIGN AND SIMULATION RESULTS 	V. CONCLUSIONS 	REFERENCES 
08484325.pdf	789,0	585,0	600,0	2133,0	1089,0	3261,0	601,0	2068,0

	Abstract— This work describes an overview of antennas and 	I. INTRODUCTION	II. TYPICAL ARCHITECTURE PROPOSED	III. DESCRIPTION OF THE SYSTEM ELEMENTS 	IV. DEVELOPMENT OF A SYSTEM-LEVEL PLATFORM  	V. CONCLUSION 	REFERENCES 
08484389.pdf	853,0	2371,0	2077,0	2748,0	4213,0	797,0	1792,0

	Abstract—This paper presents a fully integrated C-band 	I. INTRODUCTION 	6 GHz, especially in C-band, such as 4.8 - 5.0 GHz. Compared 	II. CIRCUIT DESIGN	III. EXPERIMENT RESULTS	5 presents the measured S-parameters. The small signal gain 	ACKNOWLEDGMENT 	REFERENCES 
08484553.pdf	1042,0	548,0	1985,0	5431,0	329,0	2330,0	331,0	1953,0

	I. INTRODUCTION	II. BROADBAND RF POWER DAC TRANSMITTER	6 GHz baseband signals with an OSR of five. Therefore, the	III. RIEMANN PUMP INTEGRATION: FROM HYBRID	IV. TIME-DOMAIN SIGNAL GENERATION AT	6 GHz with a Vpp = 0.35V . It demonstrates the feasibility to	V. CONCLUSIONS	REFERENCES
08484695.pdf	1756,0	2578,0	2857,0	1644,0	2074,0	118,0	788,0	1556,0

	Abstract— In this paper, we propose a mm-wave transmitter 	I. INTRODUCTION	II. MIMO TRANSMITTER ARCHITECTURE	i.e. FPGA or micro-controller through a simple SPI interface	III. ADPLL STRUCTURE AND THEORY OF OPERATION	IV. MEASUREMENT RESULTS AND PERFORMANCE	V. CONCLUSION AND FUTURE WORK 	ACKNOWLEDGMENT 	REFERENCES 
08484613.pdf	1017,0	1975,0	675,0	731,0	1595,0	3633,0	960,0	119,0	1445,0

	Abstract— The fifth generation mobile communications (5G) 	I. INTRODUCTION	II. RF ANTENNA UNIT	III. DESIGN AND MEASUREMENT	12 13 14 15 16 17 18	IV. CONCLUSIONS  	ACKNOWLEDGMENT 	REFERENCES 
08484564.pdf	907,0	1712,0	901,0	1357,0	3487,0	690,0	247,0	993,0

	Abstract— This paper has reported a Ka-band (27-40GHz) 	I. INTRODUCTION	II. DOHERTY CIRCUIT DESIGN	III. EXPERIMENTAL RESULTS 	IV. CONCLUSION 	REFERENCES 
08484612.pdf	886,0	2198,0	2372,0	4238,0	560,0	1549,0

