	I. RECONFIGURABLE COMPUTING 	II. FPGA As RECONFIGURABLE DEVICE 	i. The Island Routing 	ii. The Long line Routing 	iii. The Cellular Routing 	iv. The Row Architecture Routing 	III. POTENTIAL RESEARCH AREAS 	IV. CONCLUSI ON 	REFERENCES 
05529949.pdf	5357	12606	1077	862	800	951	1202	1153	25668

	I. INTRODUCTION 	II. INTERPOLATIVE BTC ALGORITHMS 	III. SIMULATION AND RESULTS 	IV. CONCLUSION 	REFERENCES 
05529950.pdf	3390	5174	1378	504	11615

	I. INTRODUCTION 	II. PROPOSED ANTENNA GENERATION 	III. MA THEMA TICAL MODELING 	IV. PROPOSED ANTENNA DESIGN AND 	REFERENCES 
05529951.pdf	1692	2082	870	4297	10055

	I. INTRODUCTION 	II. MASTER-MUL TJ-SIMD ARCHITECTURE 	III. MEMORY SUBSYSTEM 	IV. CHIP AREA ESTIMATION 	V. BENCHMARKING RESULTS 	VI. CONCLUSION AND FUTURE WORK 	ACKNOWLEDGMENT 	REFERENCES 
05529952.pdf	2646	1301	7763	1745	952	1529	136	17378

	I. INTRODUCTION 	II. RULES OF BANGLA LETTERS 	III. PROOF OF FINITENESS 	REFERENCES 
05529953.pdf	1099	2723	3567	8567

	I. INTRODUCTION 	II. HARDWARE STRUCTURE OF THE SYSTEM 	III. FUNCTION OF EACH MODULE 	IV. THE DESIGN OF SOFTWARE 	V. CONCLUSIONS 	ACKNOWLEDGEMENT 	REFERENCES 
05529954.pdf	2312	4414	5332	4203	646	182	18475

	I. INTRODUCTION 	II. SIGNAL MODEL 	III. ESTIMATION OF DOAs AND ARRAY PERTURBATIONS 	IV. ALGORITHM DESCRIPTION 	V. SIMULATIONS 	VI. CONCLUSION 	REFERENCES 
05529955.pdf	3388	3093	3141	1623	6439	590	19547

	I. INTRODUCTION 	II. THE BASIC PRINCIPLES OF ARTIFICIAL POTENTIAL 	III. DEFECTS OF ARTIFICIAL POTENTIAL FIELD METHOD 	IV. Fuzzy CONTROLLER DESIGN 	V. EXPERIMENT AND ANALYSIS 	VI. CONCLUSION 	REFERENCES 
05529956.pdf	2817	2621	1645	2473	1305	650	12502

	I. INTRODUCTION 	II. MODEL DERIVATION 	III. ApPLICATION OF THE MODEL 	IV. MODEL VERIFICATION 	V. CONCLUSION 	ACKNOWLEDGMENT 	REFERENCES 
05529957.pdf	5003	3752	1867	4839	1173	361	18224

	I. INTRODUCTION 	II. SERVER-SIDE APPLICATION DESCRIPTION 	III. THE CLIENT-SIDE APPLICATION DESCRIPTION 	IV. CONCLUSIONS AND FUTURE 
05529958.pdf	2225	19768	1623	24936

	I. INTRODUCTION 	II. LITERATURE REVIEW 	III. DATA DESIGN 	IV. B+TREES AND CORRELATIONS	V.BOOKSHELF DATA STRUCTURE 	VII.CONCLUSIONS 	REFERENCES 
05942039.pdf	3594	1168	3067	4907	3795	815	20108

	I.  INTRODUCTION 	II. PRACTICAL JUSTIFICATION OF OUR MODEL 	III. THE MATHEMATICAL MODEL 	IV. STEADY STATE DISTRIBUTION 	V. STOCHASTIC DECOMPOSITION 	VI. CONCLUSION 	REFERENCES 
05942041.pdf	2943	2254	1346	6637	2302	747	17535

	I. INTRODUCTION  	II. ANT COLONY BASED ROUTING 	III. ROUTING ALGORITHM BASED ON BEE 	IV. ROUTING ALGORITHM BASED ON 	V. ROUTING ALGORITHM BASED ON BIRD 	REFERENCES 
05942042.pdf	2942	7729	13143	6720	8732	40738

	I.   INTRODUCTION 	II. RELATED WORK 	III.   SERVICE COMPOSITION MIDDLEWARE 	IV.   EXPERIMENTAL STUDY 	V. CONCLUSION AND FUTURE WORK 
05942043.pdf	1827	5162	5548	4656	18700

	I. INTRODUCTION 	II. MATERIAL  INVESTIGATION 	III. FINITE ELEMENT ANALYSIS         	IV. DETAILS OF THE REINFORCED CONCRETE 	V. ANALYTICAL RESULTS 	VI. CONCLUSIONS 	REFERENCES 
05942044.pdf	6363	4608	3943	944	1422	956	21588

	I. INTRIDUCTION 	II. LITERATURE REVIEW 	III. PROPOSED APPROACH 	IV. EXPERIMENT RESULT 	V. CONCLUSION 
05942045.pdf	2186	1707	7756	4591	17495

	I.  INTRODUCTION 	II. A NOTE ON ROUGH SET THEORY 	III. TOOL AND APPLICATIONS 	IV. CONCLUSION 	ACKNOWLEDGMENT 	REFERENCES 
05942046.pdf	2124	2947	1540	90	468	7813

	I.  INTRODUCTION  	II. BACKGROUND AND PRELIMINARIES 	III. ROUTING PROTOCOLS 	IV. SIMULATION RESULTS AND OBSERVATIONS 	V. CONCLUSION 	VI. FUTURE SCOPE  	REFERENCES 
05942047.pdf	3270	1700	3132	6934	1022	1076	18929

	I.  INTRODUCTION  	II. RELATED WORKS 	III. MNGRISK FRAMEWORK (MANAGERIAL 	IV. CONCLUSIONS 	REFERENCES 
05942048.pdf	3587	2691	5638	1734	15279

	I. INTRODUCTION 	II. PRELIMINARIES 	III.  ID-BASED SIGNATURE SCHEME 	IV. PROPOSED ID-BASED SIGNATURE SCHEME 	V. ANALYSIS OF OUR PROPOSED SCHEME 	i.e. e(Pub, S1)  = e(P,(r + h)QIDP) 	i.e. e(Pub, S2) = e(P, (r + h')QIDP) 	VI.  EFFICIENCY ANALYSIS 	VII.  CONCLUSION 	REFERENCES 
05942060.pdf	2386	1309	761	1594	2110	252	1814	507	734	12540

	I. INTRODUCTION	II. BACKGROUND AND MOTIVATION	III. SENSING HARDWARE	IV. DATA MANAGEMENT	V. EVALUATIONS	VI. RELATED WORK	VII. CONCLUSION AND ACKNOWLEDGEMENT
07460660.pdf	3980	4253	7515	3897	6292	1333	28904

	I. INTRODUCTION	II. SYSTEM OVERVIEW	III. SYSTEM DESIGN	IV. EXPERIMENTAL DESIGN	V. EVALUATION	VI. DISCUSSION	VII. RELATED WORK	VIII. CONCLUSION	IX. ACKNOWLEDGMENTS
07460661.pdf	6427	4696	23124	12492	9584	2263	3590	952	64760

	I. INTRODUCTION	II. MATHEMATICAL FORMULATION AND ALGORITHMS	III. ATLAS SYSTEM DESIGN	IV. EXPERIMENTAL EVALUATION	V. CONCLUSIONS
07460662.pdf	6675	24900	11568	13435	58500

	I. INTRODUCTION	II. BACKGROUND	III. ARCHITECTURE AND DESIGN	IV. IMPLEMENTATION	V. EVALUATION	VI. RELATED WORK	VII. CONCLUSION
07460663.pdf	5773	5690	27425	3825	14451	6279	65308

	I. INTRODUCTION	II. BACKGROUND	III. DEEPX DESIGN	IV. RUNTIME LAYER COMPRESSION	V. DEEP ARCHITECTURE DECOMPOSITION	VI. IMPLEMENTATION	VII. EVALUATION	VIII. LIMITATIONS	IX. RELATED WORK	X. CONCLUSION
07460664.pdf	5359	6313	11314	6986	8194	4909	15747	2535	2086	64990

	I. Introduction	II. RelatedWork	III. System Overview
07460665.pdf	2884	1852	5997

	I. INTRODUCTION	II. DESIGN AND OPERATION	III. PROTOTYPE PERFORMANCE	IV. DEMO: USER EXPERIENCE
07460666.pdf	1375	1608	1638	5472

	I. INTRODUCTION	III. DEMO SETUP	IV. CONCLUSION	ACKNOWLEDGMENTS
07460667.pdf	5151	2400	310	8505

	I. INTRODUCTION	II. DEMONSTRATION	III. CONCLUSION	IV. ACKNOWLEDGEMENT
07460668.pdf	4829	823	615	7559

	I. MOTIVATION AND AIM	II. APPLICATION DEVELOPMENT USING IOTSUITE	III. DEMONSTRATION
07460669.pdf	2853	3201	7724

	I. INTRODUCTION	II. SYSTEM ARCHITECTURE	III. PATCH ANTENNA DESIGN AND SIMULATION RESULTS 	IV. POWER AMPLIFIER DESIGN AND SIMULATION RESULTS 	V. CONCLUSIONS 	REFERENCES 
08484325.pdf	1207	2172	1108	3344	612	9574

	I. INTRODUCTION	II. TYPICAL ARCHITECTURE PROPOSED	III. DESCRIPTION OF THE SYSTEM ELEMENTS 	IV. DEVELOPMENT OF A SYSTEM-LEVEL PLATFORM  	V. CONCLUSION 	REFERENCES 
08484389.pdf	2412	2148	2798	4289	812	13776

	I. INTRODUCTION 	II. CIRCUIT DESIGN	III. EXPERIMENT RESULTS	ACKNOWLEDGMENT 	REFERENCES 
08484553.pdf	2575	5591	2820	338	12615

	I. INTRODUCTION	II. RF ANTENNA UNIT	III. DESIGN AND MEASUREMENT	IV. CONCLUSIONS  	ACKNOWLEDGMENT 	REFERENCES 
08484564.pdf	1743	951	5002	703	253	9951

	I. INTRODUCTION	II. DOHERTY CIRCUIT DESIGN	III. EXPERIMENTAL RESULTS 	IV. CONCLUSION 	REFERENCES 
08484612.pdf	2236	2447	4466	571	10980

	I. INTRODUCTION	II. MIMO TRANSMITTER ARCHITECTURE	III. ADPLL STRUCTURE AND THEORY OF OPERATION	IV. MEASUREMENT RESULTS AND PERFORMANCE	V. CONCLUSION AND FUTURE WORK 	ACKNOWLEDGMENT 	REFERENCES 
08484613.pdf	2009	1429	1623	3696	977	122	11316

	I. INTRODUCTION	II. BROADBAND ENVELOPE TRACKING AT 2 GHZ	III. EXTRAPOLATION TO THE 5G CASE AT 20…30 GHZ 	IV. CONCLUSIONS 	REFERENCES 
08484690.pdf	2563	4280	5147	1016	13863

	I. INTRODUCTION	II. BROADBAND RF POWER DAC TRANSMITTER	III. RIEMANN PUMP INTEGRATION: FROM HYBRID	IV. TIME-DOMAIN SIGNAL GENERATION AT	V. CONCLUSIONS
08484695.pdf	1804	5549	1681	2274	12572

	I. INTRODUCTION	II. ANTENNA STRUCTURE AND DESIGN 	III. RESULTS 	IV. CONCLUSIONS 	ACKNOWLEDGMENT  	REFERENCES 
08484697.pdf	3660	3936	2294	403	269	11779

	I. INTRODUCTION	II. DISTORTIONS AT 60 GHZ	III. OUT-OF-BAND EMISSIONS	IV. BLOCKER TOLERANCE IN RECEIVERS	V. CONCLUSION
08484718.pdf	2519	5319	1140	1797	11935

	I. INTRODUCTION	II. DESCRIPTION OF THE DEVELOPED MPPT BASED 	III.  EXPERIMENTAL RESULT	IV. CONCLUSION	ACKNOWLEDGMENT
08052702.pdf	3783	7424	1568	762	15351

	I. INTRODUCTION	II. PROPOSED METHOD	III. RESULTS AND DISCUSSIONS	IV. CONCLUSION
08052703.pdf	3944	3168	3765	12520

	I. INTRODUCTION 	II. MODEL DESCRIPTION 	III. BOUNDARY CONDITIONS 	IV. RESULTS AND DISCUSSIONS 	V. CONCLUSIONS 	REFERENCES 
08052705.pdf	1716	7255	1009	1427	1453	14837


08052708.pdf

	I.   INTRODUCTION 	II. CSP TECHNOLOGIES 	III. HEAT TRANSFER FLUIDS 	IV. STATUS OF CSP TECHNOLOGIES IN INDIA 	V. DISCUSSION WITH KEY ISSUES 
08052711.pdf	2465	2339	6364	1619	15176

	I. INTRODUCTION  	II.  PROPOSED MODEL  	III.  THERMAL MODELING OF PROPOSED MODEL 	IV. OPTIMIZATION THROUGH EVOLUTIONARY ALGORITHM 	V. RESULTS AND DISCUSSION 	VI. CONCLUSION 	REFERENCES 
08052712.pdf	5973	4031	3442	1775	6657	1178	25020

	I.  INTRODUCTION 	II.  CONFIGURATION OF PROPOSED THREE PHASE GRID TIED 	III. DESIGN OF CONSTANT FREQUENCY SLIDING MODE 	IV.  SIMULATION AND RESULTS OF CONSTANT FREQUENCY 	V.  CONCLUSIONS 	REFERENCES 
08052713.pdf	3102	1175	5835	3081	792	16237

	I.  INTRODUCTION 	II. CONFIGURATION OF PROPOSED WIND TURBINE 	III. HARDWARE IMPLEMENTATION 	IV.  CONCLUSIONS 	REFERENCES 
08052714.pdf	2727	3192	3943	834	12618

	I. INTRODUCTION 	II. DEVELOPMENT OF MANUAL TRACKING SYSTEM 	III. APPLICATION OF OPTIMUM TILT BASED MANUAL TRACKING 	IV. ENABLING POLICY FRAMEWORK 	V. CONCLUSION 	ACKNOWLEDGMENTS  	REFERENCES 
08052715.pdf	2026	3641	3985	771	943	202	13222

	I.  INTRODUCTION 	II. MICROGRID DESIGN CHALLENGES 	III. MICROGRID CONFIGURATIONS AND DESIGN PARAMETERS 	IV. GRAPHICAL USER INTERFACE – THE SOFTWARE 	V. RESULTS 	ACKNOWLEGEMENT 	REFERENCES 
08052717.pdf	1114	2560	5352	3796	6451	176	20900


08277255.pdf


08277256.pdf


08277257.pdf


08277259.pdf


08277260.pdf


08277261.pdf


08277382.pdf


08277383.pdf


08277386.pdf


08277388.pdf

