	Abstract-The Internet is expanding to reach the real world, 	I. INTRODUCTION 	II. SENSEI: AN ARCHITECTURE FOR THE RWI 	III. INFORMATION MODELING IN SENSEI 	IV. CONCLUSIONS 	ACKNOWLEDGMENT 	REFERENCES 
05470594.pdf	979,0	1965,0	6459,0	14628,0	2565,0	328,0	3784,0

	Abstract-Pervasive systems must be able to adapt them­	I. INT RODUCTION 	II. RELATED WORK 	III. MUSIC CONTEXT MIDDLEWARE 	IV. LEARNING OPERATORS 	V. PROBABILITY OF CORRECTNESS 	ACKNOWLEDGEMENTS 	REFE RENCES 
05470596.pdf	853,0	1864,0	2073,0	4082,0	3731,0	9670,0	268,0	3985,0

	Abstract-Choosing the right feature for motion based ac­	I. INTRODUCTION 	II. RELATED WORK 	III. FEATURES FOR ACTIVITY RECOGNITION 	IV. SPOTTING ACTIVITIES 	V. DATA SETS 	VI. EVALUATION 	VII. RESULTS 	VIII. LESSONS LEARNED 	ACKNOWLEDGMENT 	REFERENCES 
05470597.pdf	1115,0	3433,0	2424,0	7348,0	2358,0	5555,0	1209,0	9460,0	3423,0	217,0	3337,0

	Abstract-The pervasive computing vision consists in re­	I. INTRODUCTION 	II. SYSTEM OVERVIEW 	III. DYNAMIC ACTI VATION OF CONTEXT REASONERS 	IV. INTEGRATING MULTIPLE PREDICTIONS 	V. EXPERIMENTAL EVALUATION 	VI. CONCLUSIONS AND FUTURE WORK 	ACKNOWLEDGMENTS 	REFERENCES 
05470598.pdf	1067,0	3732,0	1996,0	3749,0	4838,0	5662,0	795,0	181,0	2245,0

	Abstract-Varied context reasoning approaches are used across 	I. INTRODUCTION 	II. RELATED WORK 	III. CONTEXT 	IV. HyCORE REQUIREMENTS 	V. SAMPLE USE CASES 	VI. HyCORE DESIGN 	REFERENCES 
05470599.pdf	1487,0	4868,0	3391,0	9028,0	7589,0	3393,0	6948,0	7051,0

	Abstract-Recent years have witnessed the deployments of 	I. INTRODUCTION 	II. RELATED WORK 	III. PRELIMINARIES AND PROBLEM DEFINITION 	IV. a-DELAY UNDER PROBABILISTIC DISC AND DATA 	V. IMP ACT OF DATA FUSION ON QUALIT Y  OF 	VI. PERFORMANCE EVALUATION 	VII. CONCLUSION 	REFERENCES 
05470600.pdf	1310,0	4555,0	2112,0	8853,0	5221,0	6783,0	5148,0	736,0	3536,0

	Abstract-Most existing research in wireless sensor networks 	I. INTRODUCTION 	II. OUR SYSTEM COMPONENTS 	III. MULTI-FIDELITY BASED RESOURCE 	IV. MULTI-ApPLICATION TASK SHARING 	V. UTILITY-BASED ApPLICATION SELECTION 	VI. EVALUATION 	VII. RELATED WORK 	VIII. CONCLUSION AND FUTURE WORK 	REFERENCES 
05470601.pdf	1482,0	8377,0	2467,0	8306,0	3169,0	3058,0	5749,0	3124,0	1548,0	2072,0

	Abstract-This paper shows how to reduce evaluation time 	I. INTRODUCTION 	II. RELATED WORK 	III. DYNAMIC REPARTITIONING 	IV. EVALUATION 	V. CONCLUSION 	REFERENCES 
05470602.pdf	852,0	3280,0	2185,0	14347,0	4720,0	869,0	2050,0

	Abstract-Data loss in wireless communications greatly affects 	I. INTRODUCTION 	II. COMPRESSED SENSING PRELIMINARIES 	III. IMAGE ENCODING AND RECOVERY USING 	IV. ERASURE CHANNEL CODING USING COMPRESSED 	V. ADAPTIVE PARITY-BASED TRANSMISSION 	VI. PERFORMANCE E VALUATION 	VII. CONCLUSIONS AND FUTURE WORK 	REFERENCES 
05470604.pdf	1477,0	6391,0	2085,0	2715,0	4469,0	3952,0	4756,0	1268,0	4699,0

	Abstract-We discuss the applicability of IEEE 802.15.4 for 	I. INTRODUCTION 	II. PROTOCOL PERFORMANCE OF IEEE 802.15.4 	III. IMPROVED PROTOCOL BEHAVIOR 	IV. RELATED WORK 	V. CONCLUSION 	REFERENCES 
05470605.pdf	1092,0	3947,0	7789,0	6684,0	5467,0	1758,0	6688,0

	Abstract-We describe a class of metrics which relate the 	I. INTRODUCTION 	II. RELATED WORK 	III. ACCURAC Y METRICS 	IV. EVALUATION 	REFERENCES 
05470606.pdf	845,0	2493,0	3085,0	9100,0	11054,0	2148,0

	Abstract-This paper addresses quality vs. cost tradeoffs in 	I. INTRODUCTION 	II. INFORMATION QUALITY IN LOCALIZATION 	III. LOCALIZATION FRAMEWORK DEFINITION 	IV. EVALUATING LOCALIZATION QUERIES 	V. IMP LEMENTATION AND EVALUATION 	REFERENCES 
05470607.pdf	950,0	9973,0	3068,0	10835,0	3815,0	5296,0	1503,0

	Abstract-Context-aware applications base their services on 	I. INTRODUCTION 	II. ILLUSTRATIVE SCENARIO 	III. BACKGROUND 	IV. PROBLEM FORMULATION 	V. ApPROACH 	VI. EVALUATION 	VII. SUMMARY AND FUTURE WORK 	ACKNOWLEDGEMENT 	REFERENCES 
05470608.pdf	1170,0	3451,0	1495,0	3448,0	2130,0	5135,0	7566,0	1229,0	294,0	2766,0

	Abstract-In this paper, we investigate how packet delays 	I. INTRODUCTION 	II. PROBLEM SETTING 	III. BAYESIAN INFORMATION AMID DELAYS AND LOSSES 	IV. SENSOR SELECTION AND MEASUREMENT 	V. CONCLUSIONS 	REFERENCES 
05470609.pdf	823,0	5571,0	7736,0	5666,0	5092,0	2029,0	1268,0

	Abstract- Mobile Peer-to-Peer (MP2P) performance and 	I. INTRODUCTION 	II. RELATED WORK 	III. COOPERATION SCHEME BETWEEN CLUSTERED 	IV. PERFORMANCE ANALYSIS THROUGH SIMULATION AND 	DISCUSSION 	REFERENCES 
05470611.pdf	1246,0	1993,0	4565,0	12397,0	50,0	5560,0	4455,0

	Abstract-Mobile peer-to-peer groups, which do not require 	I. INTRODUCTION 	II. RELATED W ORK AND ANALYSIS 	III. OVERVIEW OF OUR SOLUTION 	IV. PRIVACy-PRESERVING ADMISSION CONTROL 	V. SECURITY REQUIREMENTS AND ANALYSIS 	VI. ADDITIONAL PROPERTIES OF OUR PROTOCOL 	VII. CONCLUSION 	REFERENCES 
05470612.pdf	869,0	4436,0	4397,0	4908,0	7236,0	3312,0	1735,0	696,0	3292,0

	Abstract-The success of P2P file sharing systems inspired 	I. INTRODUCTION 	II. RELATED WORKS 	III. P2P STREAMING SYSTEMS 	IV. SYSTEM CAPACI TY 	VI. CONCLUSIONS 	ACKNOWLEDGMENT 
05470613.pdf	1318,0	3293,0	2767,0	4705,0	10595,0	2103,0	4696,0

	Abstract- Mobile devices are becoming increasingly power­	I. INTRODUCTION 	II. RELATED WORK 	III. THE SCAVENGER CYBER FORAGING SYSTEM 	IV. EXPERIMENTS 	RESULTS OF THE FIRST EXPERIMENT. HERE THREE IMAGE OPERATIONS 	RESULTS OF THE SECOND EXPERIMENT. IN THESE TESTS THREE IMAGE 	ACKNOWLEDGEMENTS 	REFERENCES 
05470614.pdf	1630,0	4301,0	1903,0	7957,0	4855,0	2614,0	4646,0	335,0	2543,0

	Abstract-In this paper, we propose a Hierarchical Role­	I. INTRODUCTION 	III. HRDD: HIERARCHICAL ROLE-BASED DATA 	IV. PERFORMANCE EVALUATION 	V. CONCLUSIONS 	REFERENCES 
05470615.pdf	851,0	5860,0	10533,0	3754,0	430,0	3196,0

	Abstract - Photo sharing in Mobile Ad-hoc Networks 	I. INTRODUCTION 	II. PHOTO MANAGEMENT V IA PASMI 	II. While«IAdv(I)I<N(I» & (k S:H »{ 	III. EVALUATION 	IV. RELATED WORK 	V. CONCLUS ION AND FUTURE WORK 	REFERENCE 
05470616.pdf	981,0	2630,0	13233,0	4263,0	4916,0	2311,0	788,0	3135,0

	Abstract — The creating of reusable mobile solutions is influenced 	REST, archetype patterns, software as a service, cloud computing, 	REFERENCES 
05766849.pdf	566,0	26499,0	4859,0

	Abstract—Cloud computing presents an opportunity for per-	I. INTRODUCTION	II. ADVANTAGES OF CLOUD COMPUTING TO PERVASIVE	III. SECURITY RISKS	IV. CONCLUSION	ACKNOWLEDGEMENTS	REFERENCES
05766850.pdf	1120,0	4504,0	4300,0	10853,0	454,0	522,0	5101,0

	Abstract—In this paper, we address the fidelity of informa-	I. INTRODUCTION	II. MODELING THE ENVIRONMENT AND QUERIES	III. FIDELITY OF SNAPSHOT QUERIES: A REVIEW	IV. SNAPSHOT QUERY FIDELITY AS INTROSPECTION	V. RELATED WORK	VI. CONCLUSIONS	REFERENCES
05766859.pdf	1168,0	2937,0	5121,0	3116,0	14054,0	2500,0	660,0	2862,0

	Abstract—This paper examines the possible uses of different	I. INTRODUCTION	II. AN AUCTION MECHANISM FOR DISTRIBUTED	III. SWITCH OPTIONS FOR DYNAMIC SERVICE	IV. DECENTRALIZED COLLABORATIVE MARKETS FOR	V. CONCLUSION	VI. ACKNOWLEDGMENTS	REFERENCES
05766871.pdf	1140,0	6264,0	9664,0	6920,0	6950,0	732,0	539,0	1836,0

	Abstract—Smart Video Surveillance (SVS) applications en-	I. INTRODUCTION	II. RELDC FRAMEWORK FOR ENTITY RESOLUTION	III. MAPPING PI PROBLEM INTO RELDC’S INPUT	IV. EXPERIMENT	V. CONCLUSION	REFERENCES
05766881.pdf	1469,0	4778,0	9656,0	11270,0	3671,0	1596,0	2582,0

	Abstract—In tactical military networks, decisions must often	I. I	II. M E  QI	III. QI  OICC	IV. C  QI- N	V. C S  QI T	VI. RW  C
05766887.pdf	925,0	3696,0	5078,0	5619,0	5270,0	12223,0	3420,0

	Abstract—A large collection of mobile sensing applications	I. INTRODUCTION	II. MODELING HUMAN ROUTINES	III. DISCOVERING CLASSES OF FREQUENT	IV. EXPLOITING STA KNOWLEDGE TO ADJUST THE	V. CONCLUSION	REFERENCES
05766898.pdf	831,0	3312,0	6939,0	9950,0	6044,0	758,0	2842,0

	Abstract—There is a growing consensus regarding the emer-	I. INTRODUCTION	II. PRIVACY: REALITY OR MYTH	III. PRIVACY PROBLEM CHARACTERIZATION	IV. TRUST: THE UNIFYING THREAD	V. EXISTING SOLUTION APPROACHES	VI. MODELING TRADEOFF: QOS VS. PRIVACY	VII. PRIVACY AWARE DATA SHARING FRAMEWORK	VIII. CONCLUSION	ACKNOWLEDGEMENT	REFERENCES
05766914.pdf	824,0	4606,0	3044,0	2011,0	1921,0	2169,0	7852,0	3767,0	708,0	654,0	4379,0

	Abstract—Remote rendering is considered as a general and	I. INTRODUCTION	II. RESEARCH TOPICS	III. STATE OF RESEARCH	IV. ACKNOWLEDGMENTS	REFERENCES
05766915.pdf	610,0	4820,0	953,0	1304,0	252,0	1447,0

	Abstract—We propose an efficient scheme for generating fake	I. INTRODUCTION	II. OUR APPROACH	III. DECENTRALIZED GENERATION OF FAKE TRAFFIC	IV. SIMULATIONS	V. CONCLUSION	REFERENCES
05766931.pdf	1423,0	12409,0	6573,0	7143,0	4621,0	1767,0	1638,0

	Abstract—This paper describes the SimCon (Simulated Context) 	I.  INTRODUCTION  	II. STATE OF THE ART 	III. SIMCON GENERATOR DESIGN AND IMPLEMENTATION  	IV. EVALUATING PHYSICAL SENSOR READINGS FOR THE 	V. CONCLUSION AND FUTURE WORK 	VI. ACKNOWLEDGEMENTS 	VII. REFERENCES 
05766943.pdf	629,0	3471,0	7797,0	5940,0	2687,0	1535,0	102,0	5049,0

	Abstract—Today’s mobile computing environments aggre-	I. INTRODUCTION	II. APPLICATION SCENARIOS	III. BAYESLETS FOR EFFICIENT INFORMATION FUSION	IV. UTILITY DETERMINATION	V. EXAMPLE APPLICATIONS	VI. CONCLUSION AND FUTURE WORK	ACKNOWLEDGMENTS	REFERENCES
05766954.pdf	1444,0	2973,0	2210,0	2947,0	6885,0	9476,0	523,0	425,0	3671,0

	Abstract—Safety is a major challenge in developing assistive	I. INTRODUCTION	II. INOVUS INTELLIGENT OVEN PROJECT	III. RELATED WORKS	IV. INOVUS DEVELOPMENT PROCESS	V. RESULTS AND DISCUSSION	VI. CONCLUSION	REFERENCES
05766965.pdf	817,0	2745,0	6857,0	5053,0	5745,0	3818,0	1465,0	4774,0

	Abstract—In modern cities, more and more vehicles, such as 	I. INTRODUCTION 	II. RELATED WORK 	III. DATA PREPROCESSING & EXTRACTION 	IV. EMPIRICAL STUDY 	V. TAXI-PATTERN DISCOVERY 	VI. CONCLUSION 	REFERENCES 
05766967.pdf	1604,0	4579,0	2087,0	4997,0	6944,0	8780,0	878,0	3166,0

	Abstract—Applying Web service in mobile peer-to-peer service 	I.  INTRODUCTION 	II. BACKGROUND AND RELATED WORKS 	III. PROMWS MODEL 	IV. CONTEXT-AWARE PREDICTION SCHEME 	V. EXPERIMENTAL EVALUATION 	VI. CONCLUSION AND FUTURE WORK 	REFERENCES 
05766973.pdf	1002,0	5487,0	3229,0	7805,0	5673,0	5105,0	1125,0	4536,0

	Abstract—One of the primary issues in pervasive computing	I. INTRODUCTION	REST. In our recent survey [8], most important mechanisms	REFERENCES
05766975.pdf	957,0	2077,0	29509,0	2253,0

	Abstract— We present a system for managing the screen 	I.  INTRODUCTION 	II. DESIGN 	III. IMPLEMENTATION 	IV. DEPLOYMENT 	V. DISCUSSION 	VI. CONCLUSION 	ACKNOWLEDGEMENT 	REFERENCES 
05766976.pdf	705,0	5382,0	6436,0	6803,0	5327,0	5827,0	1882,0	118,0	1884,0

	Abstract—The advent of ubiquitous, mobile, personal devices	I. INTRODUCTION	II. DATASETS	III. RANGE OF TRAVEL	900XX
05766977.pdf	1085,0	4776,0	5235,0	8772,0	15483,0

	Abstract—In this paper, we propose an efficient energy-	I. INTRODUCTION	II. RELATED WORK	III. SYSTEM MODEL	IV. QOI SATISFACTION INDEX	V. DISTRIBUTED ENERGY MANAGEMENT FOR QOI	VI. SIMULATION RESULTS	VII. CONCLUSIONS AND FUTURE WORK	REFERENCES
05766978.pdf	1009,0	4426,0	1665,0	3566,0	2133,0	8145,0	7995,0	1592,0	3161,0

	Abstract— This paper presents an end-to-end framework to 	I.  INTRODUCTION 	II. RELATED WORK AND MOTIVATION 	III. PROPOSED SYSTEM FRAMEWORK 	IV. PROPOSED EVENT HIERARCHY 	V. PROPOSED SERVICE SELECTION MODEL 	VI. PROTOTYPE AND USABILITY TEST 	VII. CONCLUSION AND FUTURE WORK 	ACKNOWLEDGMENT 	REFERENCES 
05766979.pdf	1138,0	4484,0	6376,0	2843,0	4549,0	4259,0	2756,0	771,0	391,0	4261,0

	Abstract—We present and discuss a context aware publish	I. INTRODUCTION AND MOTIVATION	II. PRELIMINARIES	III. A CONTEXT-AWARE PUBLISH SUBSCRIBE SYSTEM	IV. A WORKED EXAMPLE	V. CONCLUSIONS	ACKNOWLEDGMENT	REFERENCES
06197458.pdf	621,0	1775,0	4359,0	8167,0	4496,0	2235,0	174,0	2981,0

	Abstract— Multimodality inputs are becoming increasingly 	I.  INTRODUCTION 	II. SYSTEM REQUIREMENTS 	III. FRAMEWORK WORKFLOW AND ARCHITECTURE 	IV. IMPLEMENTATION AND EVALUATION  	V. CONCLUSION 	VI. ACKNOWLEDGEMENT 	REFERENCES 
06197460.pdf	1080,0	3508,0	4254,0	14028,0	6008,0	665,0	135,0	2975,0

	Abstract— Future pervasive environments will take into 	I.  INTRODUCTION  	II. BACKGROUND AND RELATED WORK 	III. FUTURE SCENARIOS 	IV. RESEARCH CHALLENGES 	V. SUMMARY AND DIRECTIONS 	ACKNOWLEDGMENT 	REFERENCES 
06197462.pdf	956,0	3961,0	9695,0	12511,0	6763,0	1607,0	150,0	4090,0

	Abstract—Middleware infrastructures for pervasive comput-	I. Introduction	II. The SAPERE Middleware Architectures	III. Towards Socially-aware Networking	IV. Shaping Socially Aware Interactions	V. The implementation	VI. Discussion	VII. RelatedWork	VIII. Conclusions and Open Challenges
06197465.pdf	779,0	3603,0	3977,0	3676,0	5042,0	4165,0	1507,0	2344,0	5091,0

	Abstract — Information from the physical world is increasingly 	I.  INTRODUCTION 	II. RELATED WORK 	III. PRIVACY IMPLICATIONS OF CONTEXT-AWARENESS IN 	IV. CONTEXT-BASED AWARENESS CUES 	V. PROTOTYPE APPLICATION 	VI. USER STUDY 	VII. DISCUSSION AND CONCLUSIONS 	ACKNOWLEDGMENTS 	REFERENCES 
06197466.pdf	1084,0	2358,0	2304,0	2267,0	2531,0	7401,0	7949,0	2191,0	240,0	5225,0

	Abstract—There exist numerous analytic tools for computing	I. INTRODUCTION	II. RELATED WORK	III. OUR SOCIAL INFLUENCE METRIC	IV. EXPERIMENTAL EVALUATION	V. CONCLUSIONS AND FURTHER WORK	ACKNOWLEDGMENT	REFERENCES
06197467.pdf	1330,0	5514,0	2610,0	7636,0	9014,0	2315,0	333,0	1360,0

	Abstract—The use of market mechanisms to solve computer	I. INTRODUCTION	II. MOTIVATING SCENARIOS	III. AUCTIONS FOR CONGESTION CONTROL	IV. PERFORMANCE EVALUATION	V. CONCLUSION	VI. ACKNOWLEDGMENT	REFERENCES
06197468.pdf	1154,0	5523,0	2022,0	8571,0	10376,0	1325,0	595,0	1941,0

	Abstract-In this paper we examine a popular network com-	I. INTRODUCTION	II. BACKGROUND	III. BAP MODEL	IV. DISTRIBUTED GRAPH QUERIES	V. RESULTS	VI. SUMMARY	ACKNOWLEDGEMENTS	REFERENCES
06197481.pdf	1171,0	3922,0	4671,0	5136,0	3311,0	5168,0	4513,0	540,0	2621,0

	Abstract—We present the low-power wireless bus (LWB), a new	I. INTRODUCTION	II. THE LOW-POWER WIRELESS BUS	III. PROTOTYPE	IV. TESTBED EVALUATION	V. CURRENT WORK	VI. RELATED WORK	VII. CONCLUSIONS	REFERENCES
06197493.pdf	1021,0	4010,0	8900,0	4630,0	9455,0	3011,0	2001,0	822,0	3839,0

	Abstract—In this paper we propose a framework for pro-	I. INTRODUCTION	II. QOI MODEL	III. EXPERIMENTAL SETUP	IV. RESULTS AND DISCUSSION	V. RELATED WORK	VI. CONCLUSION AND FUTURE WORK	REFERENCES
06197499.pdf	1386,0	3381,0	10054,0	1987,0	7386,0	1830,0	775,0	2415,0

	Abstract—Context detection is essential in pervasive comput-	I. INTRODUCTION	II. PROBLEM FORMULATION	III. PROPOSED METHOD	IV. EXPERIMENT	V. RELATED WORK	VI. CONCLUSION	ACKNOWLEDGMENT	REFERENCES
06197505.pdf	1077,0	5954,0	5939,0	3957,0	6548,0	1715,0	1595,0	125,0	2761,0

	Abstract— Quality-of-information (QoI) in sensor networks	I. INTRODUCTION	II. RELATED WORK	III. APPLICATION SCENARIO	IV. QOI FOR MOBILE SENSOR NETWORKS	V. QOI-AWARE DATA COLLECTION FOR SENSOR	VI. A UBIQUITOUS PUBLISH/SUBSCRIBE SYSTEM FOR	VII. CONCLUSIONS AND FUTURE WORK	REFERENCES
06197516.pdf	873,0	3865,0	1930,0	3222,0	13550,0	3572,0	3796,0	1167,0	4119,0

	Abstract—The emergence of large scale, distributed, sensor-	I. INTRODUCTION	II. TRUST AND OBFUSCATION DEFINITIONS	III. TIGHTLY- AND LOOSELY-COUPLED	IV. TRUST AND OBFUSCATION	V. CONCLUSIONS	ACKNOWLEDGMENTS	REFERENCES
06197532.pdf	1211,0	5477,0	11148,0	10469,0	4835,0	1228,0	203,0	3299,0

	Abstract – The explosion of mobile computing and the 	I. INTRODUCTION 	II. RELATED WORK 	III. P2P MOBILE SERVICES PLATFORM 	IV. CASE STUDY 	V. EVALUATION 	VI. CONCLUSION AND FUTURE WORK 	REFERENCES 
06197595.pdf	1785,0	3909,0	4285,0	3738,0	7591,0	2637,0	1883,0	4399,0

	Abstract—The ever increasing popularity of apps stems from	I. INTRODUCTION	II. PRIVACY POLICY LANGUAGE	III. PRIVACY POLICY MANAGEMENT	IV. IMPLEMENTATION	V. CONCLUSION	ACKNOWLEDGEMENT	REFERENCES
06197606.pdf	1916,0	5881,0	2862,0	12853,0	3249,0	1375,0	157,0	2290,0

	Abstract—To enable context-awareness for many distributed 	I. INTRODUCTION 	II. PROBLEM 	III. RELATED WORK 	IV. CONTEXT DIRECTORY 	V. PROOF OF CONCEPT 	VI. CONCLUSIONS AND FUTURE WORK 	REFERENCES  
06197616.pdf	795,0	2146,0	8055,0	1641,0	8969,0	7151,0	1325,0	4834,0

	Abstract—Advances in Home Area Network (HAN) technologies 	I.  INTRODUCTION  	II. RELATED WORK 	III. FRAMEWORK DESIGN 	IV. IMPLEMENTATION AND EVALUATION 	V. FURTHER WORK AND CONCLUSION 	ACKNOWLEDGMENT  	REFERENCES 
06197627.pdf	1093,0	4546,0	5850,0	12486,0	2720,0	1155,0	184,0	5537,0

	Abstract— Smart spaces are highly dynamic interactive 	I.  INTRODUCTION 	II. RELATED WORK 	III. META-LEVEL FRAMEWORK FOR SMART SPACE 	IV. SIMULATION EXAMPLE 	V. DISCUSSION 	ACKNOWLEDGMENT 	REFERENCES 
06197638.pdf	694,0	3718,0	2540,0	9033,0	14097,0	2782,0	146,0	3282,0

	Abstract—We consider Quality-of-Information (QoI)-based re-	I. INTRODUCTION	II. SYSTEM MODEL	III. QOI-BASED UTILITY MAXIMIZATION VIA POWER	IV. NUMERICAL RESULTS	V. CONCLUSIONS	VI. ACKNOWLEDGEMENT	REFERENCES
06197640.pdf	1404,0	4339,0	4471,0	6840,0	3070,0	1692,0	725,0	2549,0

	Abstract—An ontology-based approach to deal with data and 	I.  INTRODUCTION  	II. FRAMEWORK PROPOSAL 	III. ONTOLOGY APPROACH 	IV. WORKFLOW PROCEDURE 	V. APPLICATION CASES 	VI. DISCUSSION AND CONCLUSIONS 	ACKNOWLEDGMENT 	REFERENCES 
06197647.pdf	929,0	5673,0	2677,0	7849,0	2620,0	5929,0	4341,0	396,0	3315,0

	Abstract—We present a technique for detecting floor changes	I. INTRODUCTION	II. RELATED WORK	III. RATIONALE	IV. EXPERIMENTS	V. ALGORITHM	VI. RESULTS	VII. CONCLUSION	REFERENCES
06529447.pdf	787,0	1916,0	2725,0	1169,0	6957,0	4686,0	8567,0	1160,0	2050,0

	Abstract—We address a specific, particularly difficult class of	I. INTRODUCTION	II. RELATED WORK	III. EXPERIMENTAL SETUP	IV. SATE-OF-THE-ART: USING INERTIAL SENSOR TO	V. MULTI-MODAL SENSOR APPROACH	VI. EVALUATION AND DISCUSSION	VII. CONCLUSION	REFERENCES
06529448.pdf	1221,0	2027,0	1644,0	1558,0	4526,0	7144,0	5344,0	965,0	4443,0

	Abstract—Mobile phones and video game controllers using	I. INTRODUCTION	II. RELATED WORK	III. PRELIMINARY EXPERIMENT	IV. PROPOSED METHOD	V. EVALUATION	VI. CONCLUSION	ACKNOWLEDGMENT	REFERENCES
06529449.pdf	877,0	2112,0	2522,0	6493,0	2583,0	7151,0	684,0	393,0	1575,0

	Abstract—The processing capabilities of current smartphones	I. INTRODUCTION	II. SYSTEM MODEL	III. REQUIREMENTS	IV. OUR APPROACH	V. EXPERIMENTAL EVALUATION	VI. CONCLUSION	ACKNOWLEDGMENT	REFERENCES
06529450.pdf	797,0	4834,0	2356,0	4823,0	7080,0	5333,0	1267,0	803,0	2300,0

	Abstract—In this paper we describe SP-ACT, a hybrid	I. INTRODUCTION	II. RELATED WORK	III. THE SP-ACT FRAMEWORK	IV. HIGH-LEVEL ACTIVITY RECOGNITION RULES	V. HYBRID REASONING ARCHITECTURE	VI. IMPLEMENTATION AND USE CASE	VII. CONCLUSION	ACKNOWLEDGMENT	REFERENCES
06529451.pdf	846,0	4464,0	2975,0	5549,0	1613,0	2167,0	3788,0	1062,0	214,0	6398,0

	Abstract—For service management systems the early recog-	I. INTRODUCTION	II. USE CASE: MANAGING A VIDEO PLATFORM SERVER	III. EVALUATION FOR THE OWL 2 PROFILES	IV. CONCLUSIONS AND FUTURE WORK	REFERENCES
06529452.pdf	641,0	11807,0	9075,0	7713,0	1297,0	5915,0

	Abstract— Adaptations of context-aware applications do not 	I. INTRODUCTION  	II. EXPLANATION OF DEFEASIBLE PREFERENCES 	III. VERBALISATION OF FIRST ORDER LOGIC SITUATIONS  	IV. INFERENCE OF HIDDEN MARKOV MODELS  	V. EXPLANATION OF HMM INFERENCES 	VI. VERBALSIATION OF CML CONTEXT MODELS 	VII. FRAMEWORK ARCHITECTU	VIII. CONCLUSION 	ACKNOWLEDGMENT 	REFERENCES 
06529453.pdf	1479,0	3684,0	3758,0	3464,0	4019,0	3763,0	2196,0	5533,0	789,0	29053,0	27098,0

	Abstract— Web TV is making a comeback, as users 	I.  INTRODUCTION 	II.  MORPHIX  : A CONTAINER FOR APPIFIED TV 	III. APPLICATION SEARCH & DISCOVERY 	IV. MULTI-APP INTERACTIVITY 	V. PROTOTYPE 	VI. DOES CONTEXT HELP OR HURT TV? – QUALITATIVE 	VII. CONCLUSIONS 	REFERENCES 
06529454.pdf	1008,0	5418,0	2131,0	5120,0	4225,0	4523,0	5772,0	1393,0	1997,0

	Abstract—In machine learning, concept drift can cause	I. INTRODUCTION	II. BACKGROUND	III. INTERACTIVE SIMULATION	IV. RESULTS	V. DISCUSSION	VI. ACKNOWLEDGEMENTS	REFERENCES
06529455.pdf	1223,0	2796,0	12376,0	4873,0	5634,0	2113,0	96,0	2623,0

	Abstract—With the effort to increase renewable energy	I. INTRODUCTION	II. RELATED WORK	III. APPROACH	IV. IMPLEMENTATION	V. EVALUATION PLANS	VI. CONCLUSION	ACKNOWLEDGMENT	REFERENCES
06529456.pdf	1024,0	4649,0	3016,0	6611,0	7791,0	996,0	2506,0	208,0	4863,0

	Abstract—	I. INTRODUCTION	II. SYSTEM ARCHITECTURE AND IMPLEMENTATION	III. EVALUATION	IV. CLOUD-BASED Unity	V. RELATED WORK	VI. CONCLUSION	ACKNOWLEDGEMENTS	REFERENCES
06529458.pdf	1171,0	5120,0	11729,0	6025,0	3899,0	1671,0	1474,0	189,0	2940,0

	Abstract—In this article, we propose a geoconscious content-	I.  INTRODUCTION 	II. GEO	III. AGEN	IV. I	V. PRELIM	VI. CONCLUSION 	ACKNOWLEDGMENT 	REFERENCES 
06529459.pdf	1073,0	3773,0	3597,0	4442,0	8270,0	5366,0	1036,0	67,0	3592,0

	I. INTRODUCTION	II. RELATED WORK	III. PRELIMINARIES	IV. PROPOSED SOLUTIONS	V. SIMULATION RESULTS	VI. CONCLUSIONS	REFERENCES
06529460.pdf	3444,0	3777,0	3589,0	4539,0	5215,0	994,0	3447,0

	Abstract-Vehicular Ad Hoc Networks (VANETs) are a form 	I. INTRODUCTION 	IV. EVALUATION 	V. CONCLUSION 	REFERENCES 
06529461.pdf	1094,0	17624,0	4470,0	749,0	4138,0

	Abstract—In a single-server mobile network, authorized users 	I.  INTRODUCTION 	II. REVIEW OF HSU ET AL.’S PROTOCOL 	III. THE PROPOSED ATTACKS ON HSU ET AL.’S PROTOCOL 	IV. PROPOSED PROTOCOL 	V. SECURITY ANALYSIS 	VI. CONCLUSIONS 	VII. ACKNOWLEDGMENT 	REFERENCES 
06529462.pdf	1561,0	5487,0	2362,0	4871,0	4733,0	4184,0	1252,0	209,0	3246,0

	Abstract—Most of the advances in the field of context-aware 	I.  INTRODUCTION 	II. PROBLEM 	III. RELATED WORK 	IV. APPLICATION MODEL 	V. PROOF OF CONCEPT 	VI. CONCLUSIONS AND FUTURE WORK 	REFERENCES 
06529464.pdf	865,0	2198,0	3935,0	1900,0	13546,0	5721,0	1566,0	5630,0

	Abstract—UPnP is a networking protocol that allows de-	I. INTRODUCTION	II. RELATED WORKS	III. DYNAMICALLY UPDATABLE UPNP SERVICE	IV. DEVICE ROLE MANAGEMENT	V. EVALUATION OF OUR METHOD	VI. IMPLEMENTATION OF THE PROTOTYPE SYSTEM	VII. CONCLUSION	REFERENCES
06529465.pdf	1274,0	4890,0	2847,0	8597,0	2901,0	4329,0	3297,0	1912,0	1946,0

	Abstract—Context-awareness is one of the main aspects of 	I.  INTRODUCTION 	II. STATE OF THE ART REVIEW 	III. SOCIETIES VISION AND CONCEPTS 	IV. CONTEXT INNOVATIONS IN PERVASIVE SOCIAL 	V. SOCIETIES CONTEXT MANAGEMENT 	VI. CONCLUSIONS 	ACKNOWLEDGMENT 	REFERENCES 
06529466.pdf	1350,0	3080,0	10707,0	3524,0	9638,0	3277,0	2057,0	414,0	4977,0

	Abstract— Pervasive computing systems involve a number of 	I.  INTRODUCTION 	II. UBIQUITOUS MONITORING 	III. NOTIFICATIONS AND INTERRUPTIONS 	IV. CONTEXTUAL FACTORS OF INTERRUPTIONS 	V. NOTIFICATIONS AND UM SYSTEMS 	VI. CONCLUSIONS AND FUTURE WORK 	REFERENCES 
06529467.pdf	1060,0	5109,0	8593,0	1844,0	4556,0	8927,0	1902,0	5420,0

	Abstract—Pedestrian navigation in indoor environments	I. INTRODUCTION	II. METHODOLOGY	III. MAP-AIDED PDR BASED ON FOOTSLAM	IV. HOW BIG IS INDOORS	V. RATE OF COVERAGE	VI. EFFORT	VII. CONCLUSION AND FURTHER WORK	ACKNOWLEDGEMENTS	REFERENCES
06529468.pdf	1075,0	4615,0	2284,0	4545,0	925,0	4913,0	5246,0	2496,0	265,0	4578,0

	Abstract—Many context-aware smartphone applications de-	I. INTRODUCTION	II. RELATED WORK	III. CONCEPT	IV. IMPLEMENTATION DETAILS	V. EVALUATION	VI. CONCLUSIONS AND FUTURE WORK	ACKNOWLEDGMENT	REFERENCES
06815157.pdf	1341,0	3041,0	4020,0	3335,0	8531,0	15165,0	2166,0	282,0	7331,0

	Abstract—Activity recognition for human behavior monitoring	I. INTRODUCTION	II. RELATED WORK	III. ANALYSIS APPROACH AND METHODOLOGY	IV. IMPLEMENTATION	V. EVALUATION STUDY	VI. RESULTS	VII. DISCUSSION	VIII. CONCLUSIONS	REFERENCES
06815158.pdf	1844,0	3972,0	8188,0	5570,0	7288,0	3054,0	7901,0	8215,0	992,0	6495,0

	Abstract—We investigate the recognition of phone placement	I. INTRODUCTION	II. RELATED WORK	III. PHONE PLACEMENT CONCEPT AND RFID	IV. EVALUATION METHODOLOGY	V. RESULTS	VI. DISCUSSION	VII. CONCLUSION	ACKNOWLEDGEMENTS	REFERENCES
06815159.pdf	1307,0	3796,0	6201,0	2680,0	7948,0	7397,0	4774,0	1226,0	432,0	6095,0

	Abstract—	I. INTRODUCTION	II. SMARTPHONE INTERRUPTIONS	III. REQUIREMENTS	IV. APPROACH	V. RESULTS	VI. SUMMARY	VII. ACKNOWLEDGEMENTS	REFERENCES
06815160.pdf	975,0	2522,0	7184,0	2028,0	11727,0	11261,0	5113,0	119,0	7851,0

	Abstract—We describe a novel algorithm for the spotting and	I. INTRODUCTION	II. ALGORITHM	III. EVALUATION	IV. RESULTS AND CONCLUSIONS	REFERENCES
06815161.pdf	715,0	3973,0	10582,0	3450,0	2169,0	2719,0

	I. INTRODUCTION	II. PRELIMINARIES	III. RULE LEARNING	IV. VALIDATION	V. RELATED WORK	VI. CONCLUDING REMARKS	REFERENCES
06815162.pdf	3584,0	4305,0	10093,0	10103,0	2526,0	1831,0	3483,0

	Abstract—We present a motion-adaptive duty-cycling ap-	I. INTRODUCTION	II. RELATED WORK	III. MOTION-ADAPTIVE DUTY-CYLCING CONCEPT	IV. IMPLEMENTATION	V. EVALUATION	VI. RESULTS	VII. CASE STUDY - ETHOS IMU	VIII. DISCUSSION	IX. CONCLUSION AND FURTHER WORK	X. ACKNOWLEDGEMENTS	REFERENCES
06815163.pdf	945,0	3757,0	5895,0	3016,0	7835,0	2671,0	5728,0	2535,0	1732,0	1528,0	117,0	5339,0

	Abstract—We present a novel stochastic recognition model	I. INTRODUCTION	II. RELATED WORK	III. METHODOLOGY	IV. EVALUATION STUDY	V. RESULTS AND DISCUSSION	VI. CONCLUSION	ACKNOWLEDGEMENTS	REFERENCES
06815164.pdf	1205,0	5074,0	1965,0	6785,0	7681,0	4619,0	369,0	217,0	2858,0

	Abstract—Participatory sensing applications have an on-going	I. INTRODUCTION	II. BACKGROUND	III. ACTIVE LABEL COLLECTION	IV. RESULTS	V. CONCLUSION	ACKNOWLEDGMENT	REFERENCES
06815166.pdf	1114,0	5486,0	4056,0	16490,0	2842,0	1909,0	255,0	5005,0

	Abstract—Participatory sensing projects typically rely on	I. INTRODUCTION	II. RELATED WORK	III. CENTRALISED MANAGEMENT FOR	IV. EVALUATION METHODS	V. RESULTS	VI. DISCUSSION AND CONCLUSION	ACKNOWLEDGEMENT	REFERENCES
06815167.pdf	1156,0	3101,0	3959,0	3350,0	3431,0	10343,0	4486,0	241,0	3799,0

	Abstract—This paper describes a multitiered architecture for	I. INTRODUCTION	II. ARCHITECTURE COMPONENTS	III. FRAMEWORK REQUIREMENTS	IV. THREAT ANALYSIS	V. FRAMEWORK REALIZATION	VI. DISCUSSION	ACKNOWLEDGMENTS	REFERENCES
06815168.pdf	1063,0	4150,0	6211,0	8088,0	6141,0	3984,0	1848,0	658,0	1452,0

	I. INTRODUCTION	II. CROWDOUT	III. EXPERIMENTATION	IV. EXPERIMENT FEEDBACKS	V. DISCUSSION	VI. RELATED WORK	VII. CONCLUSION	ACKNOWLEDGEMENT	REFERENCES
06815170.pdf	3715,0	6139,0	4153,0	6106,0	2632,0	4322,0	1042,0	159,0	3708,0

	Abstract—Crowd sensing is an approach to collect many	I. INTRODUCTION AND MOTIVATION	II. RELATED WORK	III. THE SPREAD ALGORITHM	IV. EXPERIMENTS AND RESULTS	V. CONCLUSIONS AND FUTURE RESEARCH	REFERENCES
06815171.pdf	1117,0	2567,0	7925,0	6056,0	2690,0	2328,0	2482,0

	Abstract—Since participatory sensing relies on users’ active	I. INTRODUCTION	II. RELATED WORK	III. ASSUMPTIONS ON CLIENT AND USERS	IV. INCENTIVE MECHANISM	V. REWARD POINTS MINIMIZATION PROBLEM	VI. EVALUATION	VII. CONCLUSIONS	VIII. ACKNOWLEDGMENT	REFERENCES
06815172.pdf	1648,0	4464,0	2164,0	2316,0	2308,0	3825,0	11085,0	1446,0	177,0	2010,0

	Abstract— This paper presents a software architecture for 	I. INTRODUCTION 	IV. An evaluation and discussion of the software architecture 	IV. PROOF OF CONCEPT 	V. RESULTS AND CONCLUSIONS 	ACKNOWLEDGMENT 	REFERENCES 
06815174.pdf	1520,0	4097,0	14557,0	7229,0	2733,0	362,0	2267,0

	Abstract—Smart Cities are considered recently as a promising	I. INTRODUCTION	II. SMART CITIES AND RERUM	III. THE RERUM FRAMEWORK USE CASES	IV. RELIABILITY AND SECURITY ISSUES	V. RERUM INTENDED SOLUTIONS	VI. CONCLUSION	ACKNOWLEDGMENT	REFERENCES
06815175.pdf	1204,0	4982,0	2941,0	15025,0	5413,0	4309,0	942,0	181,0	5391,0

	Abstract—The concept of smart cities envisions services that	I. INTRODUCTION	II. SMART CITY APPLICATIONS	III. GAMBAS MIDDLEWARE	IV. EXAMPLE APPLICATIONS	V. CONCLUSIONS	ACKNOWLEDGMENT	REFERENCES
06815176.pdf	1302,0	3033,0	5185,0	18984,0	4896,0	1403,0	409,0	2554,0

	Abstract— In recent years, common-use devices’ equipment 	I.  INTRODUCTION 	II. WEB PARADIGMS  	REST are [5]: 	RESTful web server scalable with the number of clients 	REST guidelines to develop a web application allowing the 	REST APIs to ease the development of Web of Things 	ACKNOWLEDGMENT 	REFERENCES 
06815177.pdf	1481,0	4877,0	2367,0	1047,0	2009,0	7858,0	7699,0	305,0	5222,0

	Abstract—With the emergence of Smart City concept, Wireless	I. INTRODUCTION	II. UBIQUITOUS NAVIGATION SYSTEM (UNS)	III. AOA TRIANGULATION BACKGROUND	IV. NETWORK MODEL	V. MOBILITY MODEL	VI. POSITION ESTIMATION ALGORITHM	VII. SIMULATION RESULTS	VIII. CONCLUSION	ACKNOWLEDGMENT	REFERENCES
06815178.pdf	1408,0	5407,0	1667,0	5249,0	1143,0	715,0	2088,0	6525,0	685,0	275,0	3775,0

	Abstract—Modern cities continuously struggle with infrastruc-	I. INTRODUCTION	II. REAL-TIME PUBLIC TRANSPORT INFORMATION	III. SUMMARY	ACKNOWLEDGMENT	REFERENCES
06815181.pdf	1183,0	4119,0	8173,0	1145,0	482,0	1040,0

	Abstract—With the advancement in wireless sensor networks	I. INTRODUCTION	II. SIGNAL PROCESSING (SP) GRAPH MINING	III. COMPLEX NETWORK (CN) GRAPH MINING	IV. CASE STUDY	V. COMPARATIVE EVALUATION	VI. DISCUSSION	VII. CONCLUSION	ACKNOWLEDGMENT	REFERENCES
07133984.pdf	555,0	2549,0	3772,0	3118,0	5158,0	6764,0	2686,0	1293,0	655,0	3460,0

	Abstract—The era of pervasive and ubiquitous computing has 	I. INTRODUCTION 	II. RELATED WORKS 	III. INDOOR-OUTDOOR DETECTION 	IV. EVALUATION AND RESULTS 	V. CONCLUSION 	ACKNOWLEDGMENT 	REFERENCES 
07133985.pdf	2241,0	6076,0	3814,0	11234,0	4797,0	1107,0	256,0	4314,0

	Abstract—Human sensing is a notion of crowd-sourcing	I. INTRODUCTION	II. THE T AND A BOXES OF HSW CONTEXT MODEL	III. MAPPING BETWEEN DATABASE REPRESENTATIONS	IV. LINKED DATA ARCHITECTURE FOR SMART HSW	V. GEO-VISUALIZING THE RESULTS OF SMART QUERY	VI. CONCLUSION	ACKNOWLEDGMENT	REFERENCES
07133986.pdf	1225,0	4317,0	2882,0	2267,0	10818,0	1848,0	1145,0	492,0	4163,0

	Abstract—In the recent years, smart home projects started	I. INTRODUCTION	II. SYSTEM ARCHITECTURE	III. DATASET STRUCTURE	IV. RELATED WORK	V. EVALUATION OF USER FEEDBACK	VI. CONCLUSION	VII. ACKNOWLEDGMENTS	REFERENCES
07133987.pdf	1224,0	1792,0	3568,0	3143,0	2598,0	14129,0	1519,0	372,0	1883,0

	Abstract—Mobile devices have become ubiquitous, with 	I. INTRODUCTION 	II. RELATED WORK  	III. SAMAF FRAMEWORK 	IV. SITUATION-AWARE MODEL IN SAMAF 	V. EVENT HANDLING IN SAMAF 	VI. EVALUATION 	VII. CONCLUSION 	ACKNOWLEDGMENT 	REFERENCES 
07133988.pdf	918,0	1856,0	2278,0	5220,0	5028,0	5311,0	8510,0	419,0	176,0	2341,0

	Abstract— Workflows are an established IT concept to 	I.  INTRODUCTION  	II. SITOPT SCENARIOS 	III. SITOPT CONCEPT AND ARCHITECTURE 	IV. SUMMARY AND OUTLOOK 	ACKNOWLEDGMENT 	REFERENCES 
07133989.pdf	1559,0	3462,0	7289,0	14336,0	1672,0	226,0	3904,0

	Abstract—The rapid market shift to multi-functional mobile	I. INTRODUCTION	II. RELATED WORK	III. EVALUATION OF ANDROID ACTIVITY RECOGNITION	IV. ARSHELL: DESIGN AND EVALUATION	V. CONCLUSION	VI. ACKNOWLEDGEMENT	REFERENCES
07133990.pdf	1487,0	3925,0	4453,0	14181,0	7823,0	624,0	192,0	3167,0

	Abstract—Increasing numbers of sensors are being deployed	I. INTRODUCTION	II. RELATED WORK	III. SOLUTION FRAMEWORK	IV. EXPERIMENT AND EVALUATION	V. CONCLUSION AND FUTURE WORK	REFERENCES
07133991.pdf	673,0	4174,0	3898,0	7434,0	7802,0	1098,0	4975,0

	Abstract—Semantic approaches are increasingly applied to	I. INTRODUCTION	II. THE SCENARIO: SEMANTIC COMMUNICATION OF	IV. SEMANTIC CODING VIA HYPERGRAPH PARTITIONING	V. COMMUNICATION PROTOCOLS	VI. IMPLEMENTATION	VII. EVALUATION	VIII. CONCLUSIONS	REFERENCES
07133993.pdf	612,0	1679,0	4726,0	6085,0	6544,0	3584,0	5801,0	1831,0	1850,0

	Abstract—Leg swelling produced by retention of fluid in leg	I. INTRODUCTION	II. PRELIMINARIES	III. SYSTEM OVERVIEW	IV. SYSTEM COMPONENTS AND DATA PROCESSING	V. EXPERIMENTAL MODEL AND RESULTS	VI. FUTURE DIRECTION	VII. CONCLUSION	REFERENCES
07133994.pdf	1556,0	4464,0	5563,0	1621,0	3850,0	4326,0	3198,0	1724,0	5528,0

	Abstract—The advent of multi-interface smart radio devices	I. INTRODUCTION	II. SYSTEM DESCRIPTION AND ASSUMPTIONS	III. NETWORK SELECTION GAME FORMULATION	IV. THEORETICAL ANALYSIS	V. RESULTS AND DISCUSSION	VI. CONCLUSIONS AND FUTURE RESEARCH DIRECTIONS	REFERENCES
07134004.pdf	1541,0	6623,0	3344,0	7860,0	3672,0	8912,0	1668,0	2920,0

	Abstract—Few studies have investigated and proposed a	I. INTRODUCTION	II. SDDL MIDDLEWARE	III. THE MOBILE HUB CONCEPT AND ITS DESIGN	IV. CURRENT STATUS AND PRELIMINARY RESULTS	V. RELATED WORK	VI. DISCUSSION	VII. CONCLUSION	REFERENCES
07134005.pdf	1482,0	9460,0	3100,0	8654,0	4830,0	3189,0	1992,0	1768,0	2305,0

	Abstract— There has been a significant increase in recent 	I.  INTRODUCTION 	II. BACKGROUND AND RELATED WORK 	III. DESIGN 	IV. EVALUATION 	V. CONCLUSION AND FUTURE WORK 	ACKNOWLEDGEMENTS 	REFERENCES 
07134006.pdf	1195,0	5009,0	5488,0	6337,0	5018,0	1631,0	136,0	6233,0

	Abstract—Regarding service oriented architectures various	I. INTRODUCTION	II. RELATED WORK	III. PROBLEM STATEMENT	IV. IMPLEMENTATION	V. EVALUATION	VI. CONCLUSION	REFERENCES
07134007.pdf	1366,0	3115,0	4502,0	4357,0	7115,0	9151,0	1045,0	2790,0

	Abstract—With the increasing popularity of Location-based	I. INTRODUCTION	II. LBSN DEFINITIONS AND ANALYSIS	III. THE SIST NETWORK MODEL	IV. EXPERIMENTS	V. CONCLUSIONS AND FUTURE WORKS	ACKNOWLEDGMENT	REFERENCES
07134009.pdf	1084,0	4391,0	3764,0	4320,0	11014,0	2043,0	114,0	3326,0

	Abstract — This paper presents an application model for 	I. INTRODUCTION 	II. EVOLVING TV APPLICATIONS 	III. CONTEXT-AWARE AUGMENTED TELEVISION 	IV. PROTOTYPES 	V. CONCLUSIONS 	REFERENCES 
07134010.pdf	1461,0	4674,0	7126,0	9513,0	6859,0	1584,0	3983,0

	Abstract—Unmanned Aerial Vehicles (UAV) have several uses	I. INTRODUCTION	II. RELATED WORK	III. PROPOSED HARDWARE ARCHITECTURE	IV. COMMUNICATION MIDDLEWARE	V. PROPOSED COORDINATION PROTOCOL	VI. DISCUSSION	VII. INITIAL RESULTS, CONCLUSION AND FUTURE	REFERENCES
07134011.pdf	1415,0	5873,0	2097,0	1872,0	2697,0	6395,0	5921,0	5326,0	1710,0

	Abstract—Participatory sensing provides the enabling tech-	I. INTRODUCTION	II. RELATED WORK	III. DISCOPAR	IV. DISCUSSION AND FUTURE WORK	V. CONCLUSION	ACKNOWLEDGMENT	REFERENCES
07134012.pdf	1003,0	4104,0	2173,0	13129,0	5915,0	1167,0	114,0	6768,0

	Abstract—Developing web-based as well as mobile platforms	I. INTRODUCTION	II. THE PROTOTYPE	III. STUDY SETUP	IV. RESULTS	V. CONCLUSION	ACKNOWLEDGMENT	REFERENCES
07134013.pdf	1099,0	3960,0	5905,0	6979,0	12341,0	3927,0	243,0	5122,0

	Abstract—In this position paper, we propose an unobtrusive	I. INTRODUCTION	II. STATE OF THE ART	III. Social Hue	IV. METHODOLOGY	V. CONCLUSIONS AND FUTURE DIRECTIONS	ACKNOWLEDGEMENT	REFERENCES
07134015.pdf	644,0	5779,0	6420,0	7213,0	7169,0	2449,0	373,0	7388,0

	Abstract—Detecting the transportation mode of an individual’s	I. INTRODUCTION	II. TRANSPORTATION MODE DETECTION	III. HARDWARE PLATFORM AND DATA COLLECTION	IV. INITIAL EVALUATION	V. CONCLUSION	REFERENCES
07457048.pdf	1202,0	2921,0	7819,0	2154,0	2386,0	527,0	1586,0

	Abstract—To maintain acceptable levels of security, organiza-	I. INTRODUCTION	II. DESIGN PRINCIPLES	III. AUTOMATED VULNERABILITY MONITORING SYSTEM	IV. DISCUSSION AND ANALYSIS	V. CONCLUSION	REFERENCES
07457049.pdf	1129,0	3531,0	4166,0	5884,0	5956,0	485,0	1240,0

	Abstract—Being a leading online service providing both local	I. Introduction	II. Background and Data Collection	III. Data Analysis	IV. RelatedWork	V. Conclusion and FutureWork
07457050.pdf	1473,0	1998,0	3448,0	10772,0	1504,0	2967,0

	Abstract—Self-tracking of food intake has been studied at	I. INTRODUCTION	II. RELATED WORK	III. PROTOTYPE DESCRIPTION	IV. USE CASE	V. PILOT STUDY	VI. DISCUSSION	VII. CONCLUSION	REFERENCES
07457051.pdf	947,0	2456,0	3591,0	3618,0	2791,0	2181,0	2804,0	1328,0	4230,0

	Abstract—Localization is fundamental for many wireless 	I. INTRODUCTION  	II. THEORETICAL FRAMEWORK 	III. PERFORMANCE EVALUATION 	IV. CONCLUSION AND FUTURE WORK 	REFERENCES 
07457052.pdf	1029,0	4149,0	6385,0	3118,0	890,0	3082,0

	Abstract—This paper proposes a new method for recognizing	I. INTRODUCTION	II. RELATED WORK	III. METHOD	IV. EVALUATION	V. CONCLUSION	ACKNOWLEDGMENT	REFERENCES
07457053.pdf	1073,0	3631,0	3153,0	8049,0	3623,0	902,0	65,0	3028,0

	Abstract—Visible Light Positioning (VLP) is an exciting new	I. INTRODUCTION	II. RELATED WORK	III. ARCHITECTURE OVERVIEW	IV. UPDATING RF MODEL USING SMART BULBS	V. THE “TEMPERATURE-BASED” VLP TECHNIQUE	VI. LightSense IMPLEMENTATION AND EVALUATION	ACKNOWLEDGEMENT	REFERENCES
07457054.pdf	1135,0	4751,0	2367,0	796,0	1936,0	4664,0	3190,0	1413,0	2266,0

	Abstract—Unobtrusive indoor localization aims to localize	I. INTRODUCTION	II. PROPOSED SOLUTIONS	III. EXPERIMENTAL EVALUATION	IV. RELATED WORK AND CONCLUSION	REFERENCES
07457055.pdf	1294,0	4510,0	7436,0	4178,0	1080,0	2235,0

	Abstract—This paper presents a new method for monitoring	I. INTRODUCTION	II. RELATED WORK	III. PROPOSED METHOD	IV. EVALUATION	REFERENCES
07457056.pdf	500,0	7419,0	1036,0	10993,0	2515,0	1363,0

	Abstract—The ability of wearable cameras to continuously	I. INTRODUCTION	II. THE PROPOSED FRAMEWORK	III. CASE STUDY	IV. RESULTS	V. CONCLUSIONS AND FUTURE DIRECTIONS	REFERENCES
07457057.pdf	1129,0	4772,0	8037,0	1347,0	2725,0	1200,0	2792,0

	Abstract—Smart wearable devices have enormous applications	I. INTRODUCTION	III. We present our evaluation and results in Section IV, and	III. PROTOCOL	IV. EVALUATION AND RESULTS	V. CONCLUSION AND FUTURE WORK	ACKNOWLEDGMENT	REFERENCES
07457058.pdf	971,0	5332,0	1328,0	8080,0	2156,0	817,0	117,0	2627,0

	Abstract—Challenging 5G requirements have been proposed	I. INTRODUCTION	II. MATHEMATICAL MODEL	III. SIMULATION	IV. ANALYSIS OF RESULTS	V. CONCLUSION AND FUTURE WORK	ACKNOWLEDGEMENTS	REFERENCES
07457059.pdf	1129,0	2853,0	4367,0	2986,0	4200,0	1213,0	127,0	1468,0

	Abstract—This paper proposes new firewall for protecting	I. INTRODUCTION	II. RELATED WORK	III. DESIGN	IV. IMPLEMENTATION	V. PRELIMINARY EVALUATION	VI. DISCUSSION	VII. CONCLUSION	REST-ful APIs that are available for blocking or unblocking	ACKNOWLEDGMENT	REFERENCES
07457060.pdf	985,0	2642,0	2070,0	2791,0	3320,0	1843,0	4175,0	314,0	611,0	500,0	3039,0

	Abstract—Applications and middleware in pervasive systems	I. INTRODUCTION	II. BACKGROUND	III. RELATED WORK	IV. DESIGN	V. EVALUATION	VI. FUTURE WORK	VII. CONCLUSION	ACKNOWLEDGEMENTS	REFERENCES
07457061.pdf	906,0	2198,0	1297,0	2547,0	4071,0	3541,0	1281,0	833,0	222,0	3467,0

	Abstract—We present an algorithm for autonomous network	I. INTRODUCTION	II. APPROACH	III. PRELIMINARY RESULTS	IV. FUTURE WORK	V. CONCLUSION	ACKNOWLEDGEMENTS	REFERENCES
07457062.pdf	734,0	3584,0	6914,0	5493,0	1108,0	572,0	210,0	1695,0

	Abstract—This paper tries to realize unconstrained person	I. INTRODUCTION	II. RELATED WORK	III. METHOD	IV. EVALUATION	V. CONCLUSION AND FUTURE WORK	REFERENCES
07457063.pdf	716,0	2954,0	1492,0	9178,0	5011,0	834,0	2265,0

	Abstract—Users can now connect to the Internet through a	I. INTRODUCTION	II. RELATED WORK	III. PROPOSED SCHEME	IV. SIMULATION EVALUATION	V. SIMULATION RESULT	VI. CONCLUSION	ACKNOWLEDGMENT	REFERENCES
07457064.pdf	1008,0	2311,0	2370,0	3477,0	3135,0	2139,0	504,0	89,0	1926,0

	Abstract	I. INTRODUCTION	II. MOTIVATING SCENARIOS	III. RELATED WORK	IV. ARCHITECTURE OF THE SYSTEM	V. IMPLEMENTATION	VI. CONCLUSIONS AND FUTURE WORK	ACKNOWLEDGEMENT	REFERENCES
07457065.pdf	1014,0	1140,0	1634,0	2135,0	3095,0	5399,0	997,0	229,0	1402,0

	Abstract—Beacons are small Bluetooth low energy (BLE) signal 	I. INTRODUCTION 	II. RELATED WORK 	III. DESIGN & IMPLEMENTATION 	IV. EVALUATION 	V. USE CASES AND FUTURE WORK 	REFERENCES 
07457066.pdf	1470,0	4352,0	2114,0	5158,0	2137,0	2296,0	3084,0

	Abstract: 	I. INTRODUCTION: 	II. RELATED WORK/LITERATURE: 	III. PROJECT DESIGN 	IV. IMPLEMENTATION 	V. FUTURE WORK 	VI. CONCLUSION 	VII. REFERENCES 
07457067.pdf	1146,0	1934,0	3154,0	2076,0	3383,0	1655,0	639,0	4978,0

	Abstract—Pedestrians globally comprise 22 % of all road	I. INTRODUCTION	II. OUR APPROACH	III. EVALUATION	IV. CONCLUSION	REFERENCES
07917507.pdf	1313,0	4350,0	6659,0	7609,0	1135,0	2772,0

	Abstract—The emerging vehicular applications demand for a	I. INTRODUCTION	II. MOTIVATION	III. THE VEHICULAR FOG COMPUTING PLATFORM	IV. OPEN ISSUES	V. CONCLUSION	ACKNOWLEDGMENT	REFERENCES
07917508.pdf	692,0	3285,0	3815,0	5588,0	4063,0	674,0	102,0	6161,0

	Abstract—This paper explores the possibility of turning the	I. INTRODUCTION ON CELLULAR SIGNALS	II. CSQ AND MULTI-CELL RESELECTION MODELING	III. CSQ ANALYTICS FOR DETECTION OF EVENTS	IV. PRELIMINARY VALIDATION: CSQ FROM UTRA CELLS	V. FUTURE WORK AND OPEN PROBLEMS	REFERENCES
07917509.pdf	986,0	3853,0	3996,0	4765,0	4920,0	470,0	2655,0

	Abstract—Nutrition related health conditions can seriously	I. INTRODUCTION	II. RELATED WORK	III. COMPUTATIONAL CAUSAL BEHAVIOUR MODELS	IV. EXPERIMENTAL SETUP	V. RESULTS	VI. CONCLUSION AND FUTURE WORK	VII. ACKNOWLEDGMENTS	REFERENCES
07917511.pdf	971,0	2906,0	3094,0	2727,0	4957,0	4274,0	1100,0	189,0	3368,0

	Abstract—Collecting annotated sensor data in real life field	I. MOTIVATION	II. EXPERIMENTAL SETUP	III. RELATED WORK	IV. REALISATION	V. RESULTS AND LESSONS LEARNED	VI. DISCUSSION AND OUTLOOK	REFERENCES
07917512.pdf	371,0	1159,0	2484,0	3791,0	7495,0	7417,0	996,0	2652,0

	Abstract—The Classroom Attentiveness Classification Tool	I. INTRODUCTION	II. BACKGROUND	III. METHODOLOGY	IV. PROCEDURE	V. RESULTS	VI. CONCLUSIONS	REFERENCES
07917513.pdf	1049,0	2548,0	4039,0	4396,0	2312,0	2150,0	2372,0	2809,0

	Abstract—The problem of collecting, processing, and learning	I. INTRODUCTION	II. SYSTEM OVERVIEW	III. DEMOGRAPHIC LEARNING AND PREDICTION	IV. IMPLEMENTATION	V. RESULTS	ACKNOWLEDGMENTS	REFERENCES
07917514.pdf	1449,0	2239,0	4024,0	2018,0	3525,0	7499,0	137,0	387,0

	INTRODUCTION	RESULTS	FUTURE WORK	REFERENCES
07917515.pdf	8625,0	4885,0	829,0	3871,0

	Abstract—We present RFexpress! the first-ever system to rec-	I. INTRODUCTION	II. LITERATURE REVIEW	III. RFexpress! ARCHITECTURE	IV. IMPACT OF SNR ON GESTURE RECOGNITION	V. REAL WORLD APPLICATIONS FOR EMOTION	VI. CONCLUSION	REFERENCES
07917516.pdf	1026,0	2137,0	2153,0	995,0	3430,0	4500,0	2064,0	1933,0

	Abstract—In recent years emerging ride-on-demand services	I. INTRODUCTION	II. RELATED WORK	III. DATASET	IV. ANALYSIS OF PASSENGERS’ REACTION	V. CONCLUSION & FUTURE WORK	REFERENCES
07917517.pdf	1029,0	4611,0	599,0	2718,0	10777,0	964,0	1990,0

	Abstract—The alarming statistics of Diabetes Mellitus (DM)	I. INTRODUCTION	II. PRIOR ART	III. METHODOLOGY	IV. APP GUI & RESULTS	ACKNOWLEDGEMENTS	REFERENCES
07917526.pdf	1142,0	1285,0	942,0	4405,0	2323,0	158,0	3049,0

	Abstract—In this demonstrator, we present Trainwear, a wear-	I. INTRODUCTION	II. HARDWARE	III. SOFTWARE	IV. CONCLUSION	ACKNOWLEDGMENT	REFERENCES
07917531.pdf	399,0	2324,0	2750,0	2709,0	314,0	307,0	998,0

	Abstract—Social interactions have been traditionally studied	I. MOTIVATION	II. RESEARCH PATH	III. PRELIMINARY RESULTS	ACKNOWLEDGMENTS	REFERENCES
07917538.pdf	515,0	3274,0	3488,0	2837,0	131,0	2537,0

	I. INTRODUCTION	II. CHALLENGES AND STATE OF THE ART	III. NOVEL CONTRIBUTIONS	IV. METHODOLOGY	V. EVALUATION	VI. CONCLUSIONS	ACKNOWLEDGMENTS	REFERENCES
07917539.pdf	1436,0	2298,0	1283,0	3156,0	1448,0	587,0	141,0	2248,0

	Abstract—While the traditional Visible Light Communication	I. INTRODUCTION	II. THE PROPOSED SYSTEM	III. CONCLUSIONS	REFERENCES
07917541.pdf	1232,0	4156,0	2781,0	649,0	1682,0

	Abstract— Pervasive and ubiquitous computing increasingly 	I. INTRODUCTION AND BACKGROUND 	II. NFC BASED ANNOTATION WITHIN A GENERIC BEHAVIORAL 	REST endpoint. The use of machine learning allows dynamic 	REST endpoint. The RMS value accurately represents the 	REFERENCES 
07917548.pdf	1482,0	6562,0	3846,0	2118,0	16214,0	4632,0

	Abstract—Smart Homes aim to improve the daily lives of the 	I. INTRODUCTION  	II. PERVASIVE PLATFORMS AND CONFLICT MANAGEMENT 	III. PROPOSAL OVERVIEW 	IV. PROPOSAL DETAILS 	V. IMPLEMENTATION 	VI. RELATED WORK 	VII. CONCLUSION 	REFERENCES 
07917567.pdf	988,0	3982,0	6971,0	3779,0	7047,0	3433,0	3512,0	1585,0	3598,0

	Abstract — Data centers have been widely used in many 	I. INTRODUCTION 	II. PROBLEM FORMULATION 	III. THE COST-AWARE VIRTUAL MACHINE ALLOCATION 	IV. SIMULATION EVALUATION 	V. RELATED WORK 	VI. CONCLUSIONS 	REFERENCES 
07917574.pdf	743,0	4617,0	4686,0	2499,0	3203,0	1261,0	508,0	3974,0

	Abstract—This paper discusses the design and development	I. INTRODUCTION	II. CROWDSENSING CONTEXT AND CONTENT	III. DESIGN OF A CROWDSENSING MOBILE APP	IV. RESULTS	V. CONCLUSION	ACKNOWLEDGMENT	REFERENCES
07917579.pdf	618,0	2076,0	3401,0	6868,0	5126,0	783,0	91,0	1542,0

	Abstract—In order to efficiently support the Machine-to-	I. INTRODUCTION	II. IEEE 802.11AH UNIQUE FEATURES	III. SYSTEM ARCHITECTURE AND DESIGN	IV. VERIFICATION AND PERFORMANCE ANALYSIS	V. CONCLUSION	ACKNOWLEDGMENTS	REFERENCES
07917612.pdf	937,0	3513,0	2054,0	8415,0	2422,0	555,0	144,0	2700,0

	Abstract—Making applications aware of the mobility expe-	I. INTRODUCTION	II. RELATED WORK	III. US-TMD DATASET	IV. EVALUATION	V. CONCLUSION	REFERENCES
08480119.pdf	1318,0	5022,0	3548,0	5923,0	11766,0	1690,0	4176,0

	Abstract—In this paper we present a novel big data clustering	I. INTRODUCTION & CONTRIBUTION	II. RELATED WORK	III. COMMUNITY DETECTION WITH HYPERBOLIC	IV. HYPERBOLIC COMMUNITY DETECTION FOR BIG	V. The next step employs Algorithm 1 to calculate the HEBC	V. EVALUATION	VI. CONCLUSIONS & FUTURE WORK	ACKNOWLEDGMENT	REFERENCES
08480134.pdf	1474,0	3604,0	3341,0	5496,0	783,0	4419,0	8858,0	1858,0	238,0	3229,0

	Abstract— The rise of mobile phone usage across the world has 	I.  INTRODUCTION  	II. PROBLEM DEFINITION 	III. BACKGROUND STUDY 	IV. RELATED WORKS 	V. SYSTEM ARCHITECTURE AND IMPLEMENTATION 	VI. RESULTS AND DISCUSSION 	VII. CONCLUSION AND FUTURE WORKS 	VIII. REFERENCES 
08480167.pdf	1253,0	1904,0	1445,0	7236,0	3884,0	5857,0	2252,0	1891,0	5498,0

	Abstract— Considerable effort to manually set up the user’s 	I. MOTIVATION AND INTRODUCTION 	II. HMBS-SYSTEM AND EVALUATION ISSUES 	III. RELATED WORK 	IV. SEMANTICALLY ENRICHED MANUALS 	V.   SEMANTIC MANUAL INTEGRATION IN HBMS 	VI. CONCLUSION AND OPEN CHALLENGES  	REFERENCES 
08480188.pdf	983,0	3776,0	6023,0	5001,0	6396,0	2882,0	2756,0	5138,0

	Abstract—The huge increase of mobile devices and the ad-	I. INTRODUCTION	II. RELATED WORK	III. OVERVIEW OF CRODA-GATOR	IV. EXPERIMENTAL EVALUATION	V. CONCLUSIONS	ACKNOWLEDGMENT	REFERENCES
08480231.pdf	1187,0	5714,0	4198,0	10820,0	6391,0	999,0	129,0	3051,0

	Abstract—Internet of Things (IoT) services collect and analyze 	I. INTRODUCTION 	II. RELATED WORK 	III. WEB-BASED PRIVACY AWARENESS SYSTEM FOR IOT 	IV. DISCUSSION AND FUTURE WORK 	V. CONCLUSION 	ACKNOWLEDGMENT 	REFERENCES 
08480260.pdf	1578,0	5443,0	6538,0	15688,0	4827,0	1588,0	240,0	3839,0

	Abstract—Mobile and IoT devices are becoming increasingly	I. INTRODUCTION	II. SYSTEM ARCHITECTURE	III. THE SCHEDULING PROBLEM	IV. PERFORMANCE EVALUATION	V. CONCLUSION AND FUTURE WORK	VI. ACKNOWLEDGMENT	REFERENCES
08480266.pdf	1121,0	4198,0	2993,0	8471,0	12361,0	1238,0	231,0	4695,0

	Abstract—The Internet has traditionally been a device-oriented	I. INTRODUCTION	II. MOTIVATION: SMART THINGS FOR DAILY LIFE	III. RELATED WORK	IV. CHALLENGES FOR COMMUNITY FORMATION FROM	V. FORMING PERVASIVE COMMUNITIES IN IOP	VI. FEASIBILITY STUDY	VII. DISCUSSION	VIII. CONCLUSIONS	ACKNOWLEDGMENTS	REFERENCES
08480273.pdf	946,0	4171,0	2928,0	3192,0	4601,0	6492,0	1884,0	4577,0	661,0	242,0	4785,0

	Abstract—In the Internet of Things (IoT), Bluetooth Low 	I. INTRODUCTION	II. Bl u e t o o t h  L o w  E n e r g y	III. Bl u M o o n  De s i g n	IV. IMPLEMENTATION	V. E VALUATION	VI. DISCUSSION AND FUTURE W ORK	VII. RELATED WORKS 	VIII. Co n c l u s i o n s
08480294.pdf	1458,0	2470,0	2048,0	3841,0	4544,0	4922,0	3534,0	3577,0	4997,0

	Abstract—Smart-home activity recognition is an enabling tool	I. INTRODUCTION	II. PROBLOG	III. METHOD	1 CB	1 CA	2 CB	1 DB	1 DA	2 DB	2 CB	2 DB
08480299.pdf	1175,0	4775,0	1962,0	3011,0	13,0	13,0	95,0	13,0	13,0	11437,0	121,0	24130,0

	Abstract—Cognitive decline is among the normal processes of	I. INTRODUCTION	II. RELATED WORK	III. SYSTEM DESCRIPTION	IV. EVALUATION	V. DISCUSSION	VI. CONCLUSION	ACKNOWLEDGMENT	REFERENCES
08480310.pdf	1308,0	4573,0	2316,0	10261,0	4671,0	4453,0	1555,0	368,0	4570,0

	Abstract—The Internet of Things (IoT) is made up of billions[1]	I. INTRODUCTION	II. DEVICE MANAGEMENT STATE-OF-THE-ART	III. FIRST MISSION: ARCHETYPING OF AN IOT DEVICE	IV. SECOND MISSION: DEPLOYMENT OF AN UPGRADE	V. FINAL SCENARIO: FIRMWARE UPGRADE CAMPAIGN	VI. RESULTS ANALYSIS	VII. CONCLUSIONS	REFERENCES
08480313.pdf	806,0	2187,0	7220,0	6414,0	9555,0	1421,0	1742,0	1333,0	3683,0

	Abstract—Over the last decade wireless data streaming has	I. INTRODUCTION	II. METHODOLOGY	III. EXPERIMENTS	IV. RELATED WORK	V. CONCLUSIONS	VI. ACKNOWLEDGEMENTS	REFERENCES
08480319.pdf	1074,0	4660,0	10305,0	11773,0	2682,0	528,0	168,0	3133,0

	Abstract—Rubbinput, a user interface for wet environments, 	I. INTRODUCTION  	II. RELATED WORKS 	III. UI EVENTS USING SQUEAK SOUNDS 	IV. FEATURE DETECTION OF SQUEAK SOUNDS 	V. USER EVALUATION 	VI. APPLICATION 	VII. DISCUSSION 	VIII.  CONCLUSION 	REFERENCES 
08480335.pdf	691,0	2849,0	3630,0	2830,0	8431,0	2577,0	874,0	1912,0	565,0	2920,0

	Abstract—Analysis of human mobility data provide us many	I. INTRODUCTION	II. RELATED WORKS	III. PROPOSED METHOD	IV. EVALUATION	V. CONCLUSION	REFERENCES
08480336.pdf	1721,0	2405,0	2843,0	8606,0	12028,0	955,0	4224,0

	Abstract—With the increasing demand to construct sensor	I. INTRODUCTION	II. PREDICT SENSOR DATA FROM NEIGHBORING SENSOR	III. PROPOSED STRATEGIES TO IDENTIFY UNNEEDED	IV. NUMERICAL EXPERIMENTS	V. CONCLUSION	ACKNOWLEDGMENT	REFERENCES
08480343.pdf	1619,0	6399,0	2727,0	4545,0	7153,0	3988,0	248,0	4060,0

	Abstract— Driving is an activity that can induce significant levels 	I. INTRODUCTION  	II. RELATED WORK 	III. CASE STUDIES 	IV. DATA ANALYSIS 	V. DISCUSSION 	VI. CONCLUSION AND FUTURE WORK 	ACKNOWLEDGMENTS 	REFERENCES 
08480369.pdf	1819,0	4874,0	1843,0	16687,0	3117,0	2874,0	499,0	122,0	6575,0

	Abstract—Providing ground truth is essential for activity	I. INTRODUCTION	II. ANNOTATION OF HUMAN BEHAVIOUR	III. A NOVEL APPROACH TO ANNOTATING HUMAN	RESULT OF STEP 2: THE TABLE LISTS THE TYPE SIGNATURE AND EACH	RESULT OF STEP 3: A LIST OF FUNCTIONS WITH TYPE SIGNATURES AND	REFERENCES
08480380.pdf	1081,0	2790,0	4279,0	3953,0	908,0	18606,0	4971,0

	Abstract—Social interactions represent an important factor in 	I.  INTRODUCTION 	II. RELATED WORK 	III. THE SOCIALIZEME FRAMEWORK 	IV. THE SME-D ALGORITHM 	V. THE DATA COLLECTION CAMPAIGN 	VI. EXPERIMENTAL RESULTS AND SME-D CALIBRATION  	VII. CONCLUSIONS 	ACKNOWLEDGMENT  	REFERENCES 
08480397.pdf	996,0	4178,0	3234,0	2764,0	4973,0	2681,0	6081,0	1451,0	240,0	2551,0

	Abstract—Malnutrition is known to be a major concern among	I. INTRODUCTION	II. RELATED WORK	III. UNDERSTANDING NUTRITION IN SENIORS	IV. PROTOTYPE	V. CONCLUSION	ACKNOWLEDGMENT	REFERENCES
08480404.pdf	1097,0	4743,0	2846,0	5971,0	12955,0	1431,0	184,0	3669,0

	Abstract—Given the wide and increasing popularity of smart-	I. INTRODUCTION	II. PHYSICAL BACKGROUND AND SENSING PROTOTYPE	III. CAPABILITY EXPLORATION	IV. COLLABORATIVE WORK MONITORING	V. CONCLUSION AND FUTURE WORK	ACKNOWLEDGMENT	REFERENCES
08730581.pdf	1135,0	3708,0	3924,0	7749,0	3791,0	1565,0	154,0	8068,0

	Abstract—In this work we address the problem of data-driven	I. INTRODUCTION	II. METHODOLOGY	III. DOCKLESS BIKE SHARE CASE STUDY	IV. RESULTS	V. DISCUSSION	VI. CONCLUSION	ACKNOWLEDGEMENTS	REFERENCES
08730590.pdf	1816,0	5551,0	6482,0	4713,0	7020,0	2316,0	2163,0	330,0	3557,0

	Abstract— Stress is a negative emotion that occurs in everyday life, 	I. INTRODUCTION  	II. RELATED WORK 	III. EXPERIMENT PROTOCOL   	IV. FUZZY STRESS DETECTION SYSTEM 	V. CONCLUSIONS AND FUTURE WORK 	ACKNOWLEDGMENTS 	REFERENCES 
08730600.pdf	1552,0	5761,0	3188,0	3711,0	8947,0	3027,0	400,0	5794,0

	Abstract—This study attempts to recognize daily activities	I. INTRODUCTION	II. RELATED WORK	III. METHOD	IV. EVALUATION	RELATIONSHIP BETWEEN ke AND F-MEASURE	RELATIONSHIP BETWEEN ko AND F-MEASURE	ACKNOWLEDGMENT	REFERENCES
08730673.pdf	1114,0	4581,0	974,0	9913,0	6989,0	2783,0	1132,0	132,0	4577,0

	Abstract—Behavior is influenced by context and personality. To 	I. INTRODUCTION  	II. PSYCHOLOGICAL-BEHAVIORAL MODEL 	III.  VERIFICATION OF THE PSYCHOLOGICAL-BEHAVIORAL 	IV. THE PLOTTING APPROACH FOR BEHAVIORAL CHANGE 	ACKNOWLEDGMENTS 	REFERENCES 
08730722.pdf	667,0	1392,0	3739,0	12679,0	3622,0	296,0	2110,0

	Abstract—Physiological responses to emotions play a vital role	I. INTRODUCTION	II. RELATED WORK	III. GOALS & HYPOTHESES	IV. EMOTION MODEL & EXPERIMENTAL SETUP	V. METHODOLOGY	VI. EVALUATION	VII. DISCUSSION	VIII. CONCLUSION	ACKNOWLEDGMENT	REFERENCES
08730725.pdf	1194,0	3465,0	4435,0	928,0	4437,0	4397,0	5739,0	2682,0	2054,0	108,0	4925,0

	Abstract—Mobile devices are carried by many individuals	I. INTRODUCTION	II. RELATED WORK	III. TOUCH EVENT RECOGNITION	IV. WORD RECOGNITION	V. CONCLUSION AND FUTURE WORK	REFERENCES
08730731.pdf	997,0	4813,0	4408,0	6631,0	8158,0	1125,0	5698,0

	Abstract— The primary goal of this paper is to propose 	I. INTRODUCTION 	II. RELATED WORKS 	III. PRESENT-DAY REVIEW SYSTEM 	IV. PROPOSED FUTURE REVIEW SYSTEM 	V. SIMULATION ENVIRONMENT 	VI. RESULTS 	VII. CONCLUSION 	ACKNOWLEDGMENT 	REFERENCES 
08730737.pdf	892,0	4718,0	3173,0	1087,0	3668,0	6084,0	8646,0	1821,0	181,0	2909,0

	Abstract—There is a dramatic increase in the deployment of	I. INTRODUCTION	II. BACKGROUND AND RELATED RESEARCH	IV. ORIGIN-DESTINATION TRACKING	V. SECURITY AND PRIVACY CONCERNS	VI. CONCLUSIONS AND FUTURE DIRECTIONS	ACKNOWLEDGMENT	REFERENCES
08730746.pdf	1426,0	2976,0	5592,0	5448,0	5191,0	817,0	321,0	6480,0

	Abstract—This paper describes the winning method and results	I. INTRODUCTION	II. METHOD	III. RESULTS	REFERENCES
08730758.pdf	654,0	1688,0	2883,0	1129,0	1033,0

	Abstract—Wrist based devices, like smart-watches, fitness	I. INTRODUCTION	II. RESEARCH OVERVIEW	III. METHODOLOGY	IV. EXPERIMENTAL RESULTS	V. CONCLUSION	REFERENCES
08730797.pdf	1443,0	3472,0	1823,0	9456,0	5124,0	536,0	2721,0

	Abstract—Animals navigate through their ways in various 	I. INTRODUCTION 	II. TRACKING THE NAVIGATIONAL BEHAVIOR FROM IMAGES 	III. PREDICTING THE NAVIGATIONAL BEHAVIOR 	IV. CONCLUDING REMARKS 	ACKNOWLEDGMENT 	REFERENCES 
08730808.pdf	1084,0	2148,0	4818,0	5130,0	1006,0	70,0	4207,0

	Abstract—Today’s pervasive communication systems are highly	I. INTRODUCTION	II. USE CASES AND CHALLENGES	III. RELATED WORK	IV. VISUALIZATION TECHNIQUES	V. COALAVIZ APPROACH	VI. EVALUATION	VII. CONCLUSION	ACKNOWLEDGMENT	REFERENCES
08730818.pdf	1277,0	4014,0	6963,0	2621,0	3550,0	7219,0	6594,0	1913,0	178,0	3792,0

	Abstract—Loss of memory is among the first symptoms 	I. INTRODUCTION  	II. RELATED RESEARCH 	III. AMBIENT CUES KITCHEN DESIGN CONCEPT 	IV. IMPLEMENTATION 	V. TEST OPERATION 	VI. RESULT 	VII. CONCLUSION 	ACKNOWLEDGEMENT 	REFERENCES 
08730829.pdf	1191,0	2658,0	2140,0	1922,0	2059,0	2153,0	3342,0	966,0	236,0	2457,0

	Abstract—Collaborative work between robots are likely to be a	I. INTRODUCTION	II. RELEVANT WORKS	III. SYSTEM DESCRIPTION, IMPLEMENTATION AND	IV. EXPERIMENTAL SETUP	V. EXPERIMENTAL RESULTS & DISCUSSION	VI. CONCLUSION AND FUTURE WORK	REFERENCES
08730841.pdf	1111,0	3832,0	1311,0	10775,0	2931,0	8181,0	515,0	4372,0

	Abstract—The spatio-temporal fluctuation in mobile	I. INTRODUCTION	II. PROPOSED NETWORK ARCHITECTURE	III. NUMERICAL ANALYSIS	IV. CONCLUSION	ACKNOWLEDGMENT	REFERENCES
08730842.pdf	714,0	3615,0	4060,0	3780,0	767,0	109,0	2376,0

	Abstract— In this paper, a software-based simulator for the	I. INTRODUCTION	II. SYSTEM MODEL AND DRONE DEPLOYMENT	III. GOOGLE EARTH ENGINE SIMULATOR FOR OBSTACLE	IV. SIMULATION RESULTS	V. CONCLUSION	REFERENCES
08730845.pdf	1598,0	5447,0	6932,0	4640,0	8445,0	1143,0	4660,0

	Abstract—This article reports on coupled smartwatch and	I. INTRODUCTION	II. RELATED WORK	III. STILA COMPUTED STRESS: A PERVASIVELY	IV. THE STILA SMARTWATCH AND SMARTPHONE APPS	V. EVALUATION	VI. DISCUSSION: PERVASIVENESS PERSUADES	VII. CONCLUSION	VIII. ACKNOWLEDGEMENTS	REFERENCES
08730850.pdf	1198,0	4925,0	7704,0	1895,0	4669,0	9872,0	1026,0	1532,0	312,0	10040,0

	Abstract—Recent advances in big data processing and mobile	I. INTRODUCTION	II. SYSTEM MODEL	III. PROBLEM FORMULATION AND SOLUTION	IV. NUMERICAL RESULTS AND ANALYSIS	V. CONCLUSION	ACKNOWLEDGMENT	REFERENCES
08730879.pdf	1155,0	5090,0	8188,0	4303,0	5024,0	861,0	140,0	2200,0

	Abstract—Stress is necessary for optimal performance and	I. INTRODUCTION	II. RELATED WORK	RESP, facial video, operational theater	RESULT OF EVALUATION OF PUBLIC HUMAN STRESS DATASETS	REFERENCES
08730884.pdf	1512,0	5260,0	5411,0	16939,0	1650,0	11060,0

	Abstract— College students every day decide and plan how to 	I. INTRODUCTION 	II. COLLEGE LIFE AND LONG-TERM REWARD ESTIMATION  	III. RELATED WORK 	IV. NOTATION AND PROBLEM FORMULATION 	V. ACTIVITY RECOMMENDATION MODEL 	VI. THE STUDENTLIFE DATASET 	VII. POLICY OBTAINED 	VIII.  POLICY EVALUATION 	IX. RESULTS 	X. DISCUSSION 	REFERENCES 
09127358.pdf	1112,0	2914,0	1926,0	2036,0	7409,0	12510,0	4053,0	10054,0	3782,0	2456,0	8689,0	6440,0

	Abstract—Most of the latest context-based applications capture	I. INTRODUCTION	II. RELATED WORK	III. DATA COLLECTION FRAMEWORK	IV. PILOT STUDY	V. DEVELOPMENT OF ConType	VI. PERFORMANCE EVALUATION	VII. CONCLUSION	ACKNOWLEDGMENT	REFERENCES
09127359.pdf	1321,0	6393,0	2408,0	4521,0	4301,0	9777,0	9774,0	1089,0	545,0	5133,0

	Abstract—Nowadays, personal identification number (PIN)	I. INTRODUCTION	II. RELATED WORK	III. PRELIMINARY	IV. SYSTEM OVERVIEW	V. PIN INPUT DETECTION	VI. USER AUTHENTICATION	VII. EVALUATION	VIII. DISCUSSION	IX. CONCLUSION	ACKNOWLEDGEMENT	REFERENCES
09127361.pdf	1704,0	7618,0	2789,0	9338,0	2080,0	5682,0	8601,0	12955,0	2982,0	947,0	386,0	8882,0

	Abstract—The widespread creative application and smart	I. Introduction	II. Basis of HandMovement & Feasibility Study	III. Design Scope & Overview	IV. Pre-processing & Detection	V. Model Description	VI. System Evolving	VII. Evaluation	VIII. RelatedWork	IX. Conclusion
09127367.pdf	1120,0	7559,0	7028,0	3399,0	4132,0	5694,0	1666,0	14679,0	2661,0	10872,0

	Abstract—The coexistence of heterogeneous devices in wire-	I. INTRODUCTION	II. MOTIVATION	III. SLEM OVERVIEW	IV. SLEM DESIGN	V. THEORETICAL ANALYSIS	VI. EXPERIMENTAL EVALUATION	VII. RELATED WORK	VIII. CONCLUSION AND DISCUSSION	ACKNOWLEDGMENTS	REFERENCES
09127370.pdf	1370,0	6250,0	4535,0	1294,0	14114,0	7084,0	8918,0	1947,0	984,0	713,0	3066,0

	Abstract—Recognition of the context of humans plays an	I. INTRODUCTION	II. RELATED WORK	III. SPATIAL FILTERING USING OFDM BEACONS	IV. CHARACTERIZATION OF SPATIAL STREAMS FROM A	V. HUMAN SUBJECT COUNTING	VI. EXTRACTION OF INDIVIDUAL ACTIVITIES	VII. IMPLEMENTATION	VIII. PERFORMANCE EVALUATION	IX. DISCUSSION	X. CONCLUSION	ACKNOWLEDGMENT	REFERENCES
09127374.pdf	1669,0	5080,0	3334,0	3410,0	10222,0	7980,0	2405,0	7930,0	8610,0	2022,0	874,0	180,0	6226,0

	Abstract—The broadcast nature of wireless medium makes	I. INTRODUCTION	II. RELATED WORK	III. PA NON-LINEARITY FINGERPRINT	IV. FID FINGERPRINT EXTRACTION	V. DEVICE AUTHENTICATION	VI. EVALUATION	VII. CONCLUSION	REFERENCES
09127375.pdf	1439,0	6177,0	3965,0	12358,0	7359,0	5573,0	16930,0	1487,0	6267,0

	Abstract—Touchscreen interfaces are shrinking and even dis-	I. INTRODUCTION	II. RELATED WORK	III. ONE-THUMB REACH ON TEXTUAL CONTENTS	IV. DESIGN OF INTERACTION APPROACHES	V. USER EVALUATION AND DISCUSSION	VI. CONCLUSION	ACKNOWLEDGMENT	REFERENCES
09127378.pdf	1238,0	7283,0	5883,0	14219,0	5937,0	14250,0	1414,0	426,0	8735,0

	Abstract—Fine-grained, unobtrusive monitoring of gym exer-	I. INTRODUCTION	II. RELATED WORK	III. OVERALL GOALS AND APPROACH OF W8-SCOPE	IV. DATASET	V. DESIGN AND IMPLEMENTATION OF W8-SCOPE	VI. REAL-WORLD W8-SCOPE EVALUATION	VII. MEDIUM TIME-SCALE ROBUSTNESS: ADAPTING	VIII. DISCUSSION	IX. CONCLUSIONS AND FUTURE WORK	ACKNOWLEDGEMENTS	REFERENCES
09127379.pdf	1115,0	5602,0	4183,0	4280,0	6228,0	14893,0	9320,0	5184,0	2326,0	1131,0	562,0	5793,0

	Abstract—Participant selection is a major research challenge	I. INTRODUCTION	II. RELATED WORKS	III. RL-RECRUITER: METHOD OVERVIEW	IV. CORE COMPONENTS OF RL-RECRUITER	V. EVALUATION	VI. DISCUSSION AND LIMITATION	VII. CONCLUSION	VIII. ACKNOWLEDGMENTS	REFERENCES
09127383.pdf	1790,0	13208,0	5339,0	3532,0	10152,0	17965,0	2095,0	608,0	366,0	7828,0

	Abstract—As an important entrance for human-robot inter-	I. INTRODUCTION	II. RELATED WORK	III. SYSTEM OVERVIEW	IV. GESTURE RECOGNITION ALGORITHM	V. EXPERIMENTS AND RESULTS	VI. CONCLUSION	REFERENCES
09156109.pdf	1085,0	3037,0	2180,0	1700,0	7484,0	8114,0	658,0	4023,0

	Abstract—The number of Internet of Things (IoT) devices	I. INTRODUCTION	II. MOTIVATIONS AND RELATED WORKS	III. PREDICTING THE INTERACTIONS	IV. VALIDATION	V. DISCUSSION AND CONCLUSIONS	RESOURCES	ACKNOWLEDGMENT	REFERENCES
09156111.pdf	1100,0	3247,0	4014,0	10699,0	6845,0	1807,0	217,0	368,0	4534,0

	Abstract—Over the past few years, an incredible diversity of	I. INTRODUCTION	II. RELATED WORK	III. STUDY OVERVIEW	IV. RESULTS	V. CONCLUSION	VI. ACKNOWLEDGEMENTS	REFERENCES
09156113.pdf	1133,0	2703,0	2623,0	9156,0	10994,0	2115,0	597,0	3285,0

	Abstract—Increasing data generated in cities provide new	I. INTRODUCTION	II. DATA & METHODS	III. FINDINGS	IV. DISCUSSION & CONCLUSION	REFERENCES
09156129.pdf	902,0	4263,0	9732,0	4510,0	4021,0	9254,0

	Abstract—WebAssembly is a new-generation low-level byte-	I. INTRODUCTION	II. AOT COMPILATION FOR WEBASSEMBLY	III. KERNEL IMPLEMENTATION	IV. PRELIMINARY EVALUATION	V. RELATED WORK	VI. CONCLUSION AND FUTURE WORK	REFERENCES
09156135.pdf	914,0	6046,0	5330,0	3795,0	2713,0	1660,0	1660,0	2127,0

	Abstract—Recognizing human activities in everyday environ-	I. INTRODUCTION	II. RELATED WORK	III. DESIGN REQUIREMENTS	IV. SYSTEM COMPONENTS	V. USE CASES	VI. CHALLENGES & OPPORTUNITIES	VII. CONCLUSION	REFERENCES
09156161.pdf	1177,0	2893,0	2754,0	2135,0	6840,0	1975,0	7984,0	1092,0	5510,0

	Abstract—Increasing cyber-attacks on Internet of Things (IoT)	I. INTRODUCTION	II. RELATED WORK	III. IOT ENVIRONMENT - SECURE GATEWAY FOR	IV. NETWORK-BASED IDS	V. ARCHITECTURE OF THE INTELLIGENT INTRUSION	VI. CONCLUSION AND FUTURE WORK	REFERENCES
09156168.pdf	1503,0	2462,0	1270,0	1338,0	2850,0	14908,0	714,0	4058,0

	Abstract—This contribution proposes an approach for anno-	I. INTRODUCTION	II. RELATED WORK	III. METHOD	IV. EVALUATION	V. DISCUSSION AND CONCLUSION	REFERENCES
09156170.pdf	1026,0	2358,0	3299,0	5734,0	13708,0	4577,0	3834,0

	Abstract—Pervasive applications use context information for	I. INTRODUCTION	II. USE CASE	III. THE SENSOR MODEL	IV. IMPLEMENTATION	V. EVALUATION	VI. RELATED WORK	VII. CONCLUSION	ACKNOWLEDGEMENT	REFERENCES
09156173.pdf	888,0	3758,0	4581,0	3952,0	2683,0	2689,0	4207,0	843,0	229,0	6360,0

	Abstract—Automatic localization and classification of environ-	I. INTRODUCTION	I. The first method decomposes the signal based on matrix	II. The second method extends the frame-based models to	III. The third category is based on image-like features ex-	III. OVERLAPPING SOUND SOURCE LOCALIZATION	III. Re-calculating the cluster-centers as the final locations of	IV. SOUND EVENT CLASSIFICATION	V. EXPERIMENTAL RESULTS	VI. OPEN DISCUSSION AND CONCLUSION	REFERENCES
09156174.pdf	1109,0	2785,0	800,0	602,0	4305,0	9149,0	1944,0	3465,0	5976,0	1570,0	4233,0

